[
{
  "model": "admin.logentry",
  "pk": 1,
  "fields": {
    "action_time": "2023-07-11T21:18:39.456Z",
    "user": 1,
    "content_type": 11,
    "object_id": "1",
    "object_repr": "Компьютерная техника",
    "action_flag": 1,
    "change_message": "[{\"added\": {}}, {\"added\": {\"name\": \"category image\", \"object\": \"CategoryImage object (1)\"}}]"
  }
},
{
  "model": "admin.logentry",
  "pk": 2,
  "fields": {
    "action_time": "2023-07-11T21:18:58.183Z",
    "user": 1,
    "content_type": 11,
    "object_id": "2",
    "object_repr": "Видеокарты",
    "action_flag": 1,
    "change_message": "[{\"added\": {}}, {\"added\": {\"name\": \"category image\", \"object\": \"CategoryImage object (2)\"}}]"
  }
},
{
  "model": "admin.logentry",
  "pk": 3,
  "fields": {
    "action_time": "2023-07-11T21:19:34.295Z",
    "user": 1,
    "content_type": 11,
    "object_id": "3",
    "object_repr": "Процессоры",
    "action_flag": 1,
    "change_message": "[{\"added\": {}}, {\"added\": {\"name\": \"category image\", \"object\": \"CategoryImage object (3)\"}}]"
  }
},
{
  "model": "admin.logentry",
  "pk": 4,
  "fields": {
    "action_time": "2023-07-11T21:19:56.048Z",
    "user": 1,
    "content_type": 11,
    "object_id": "4",
    "object_repr": "Продукция Apple",
    "action_flag": 1,
    "change_message": "[{\"added\": {}}, {\"added\": {\"name\": \"category image\", \"object\": \"CategoryImage object (4)\"}}]"
  }
},
{
  "model": "admin.logentry",
  "pk": 5,
  "fields": {
    "action_time": "2023-07-11T21:20:35.815Z",
    "user": 1,
    "content_type": 11,
    "object_id": "5",
    "object_repr": "Apple watch",
    "action_flag": 1,
    "change_message": "[{\"added\": {}}, {\"added\": {\"name\": \"category image\", \"object\": \"CategoryImage object (5)\"}}]"
  }
},
{
  "model": "admin.logentry",
  "pk": 6,
  "fields": {
    "action_time": "2023-07-11T21:20:55.542Z",
    "user": 1,
    "content_type": 11,
    "object_id": "6",
    "object_repr": "Блоки питания",
    "action_flag": 1,
    "change_message": "[{\"added\": {}}, {\"added\": {\"name\": \"category image\", \"object\": \"CategoryImage object (6)\"}}]"
  }
},
{
  "model": "admin.logentry",
  "pk": 7,
  "fields": {
    "action_time": "2023-07-11T21:21:36.072Z",
    "user": 1,
    "content_type": 11,
    "object_id": "7",
    "object_repr": "Macbooks",
    "action_flag": 1,
    "change_message": "[{\"added\": {}}, {\"added\": {\"name\": \"category image\", \"object\": \"CategoryImage object (7)\"}}]"
  }
},
{
  "model": "admin.logentry",
  "pk": 8,
  "fields": {
    "action_time": "2023-07-11T21:21:56.431Z",
    "user": 1,
    "content_type": 11,
    "object_id": "8",
    "object_repr": "Iphone",
    "action_flag": 1,
    "change_message": "[{\"added\": {}}, {\"added\": {\"name\": \"category image\", \"object\": \"CategoryImage object (8)\"}}]"
  }
},
{
  "model": "admin.logentry",
  "pk": 9,
  "fields": {
    "action_time": "2023-07-11T21:22:15.528Z",
    "user": 1,
    "content_type": 11,
    "object_id": "4",
    "object_repr": "Продукция Apple",
    "action_flag": 2,
    "change_message": "[{\"changed\": {\"fields\": [\"Categories\"]}}]"
  }
},
{
  "model": "admin.logentry",
  "pk": 10,
  "fields": {
    "action_time": "2023-07-11T21:24:02.699Z",
    "user": 1,
    "content_type": 11,
    "object_id": "1",
    "object_repr": "Компьютерная техника",
    "action_flag": 2,
    "change_message": "[{\"changed\": {\"fields\": [\"Categories\"]}}]"
  }
},
{
  "model": "admin.logentry",
  "pk": 11,
  "fields": {
    "action_time": "2023-07-11T21:24:31.671Z",
    "user": 1,
    "content_type": 11,
    "object_id": "1",
    "object_repr": "Компьютерная техника",
    "action_flag": 2,
    "change_message": "[]"
  }
},
{
  "model": "admin.logentry",
  "pk": 12,
  "fields": {
    "action_time": "2023-07-11T21:25:26.960Z",
    "user": 1,
    "content_type": 11,
    "object_id": "1",
    "object_repr": "Компьютерная техника",
    "action_flag": 2,
    "change_message": "[{\"changed\": {\"fields\": [\"Categories\"]}}]"
  }
},
{
  "model": "admin.logentry",
  "pk": 13,
  "fields": {
    "action_time": "2023-07-11T21:25:37.977Z",
    "user": 1,
    "content_type": 11,
    "object_id": "4",
    "object_repr": "Продукция Apple",
    "action_flag": 2,
    "change_message": "[{\"changed\": {\"fields\": [\"Categories\"]}}]"
  }
},
{
  "model": "admin.logentry",
  "pk": 14,
  "fields": {
    "action_time": "2023-07-11T21:25:39.826Z",
    "user": 1,
    "content_type": 11,
    "object_id": "4",
    "object_repr": "Продукция Apple",
    "action_flag": 2,
    "change_message": "[]"
  }
},
{
  "model": "admin.logentry",
  "pk": 15,
  "fields": {
    "action_time": "2023-07-11T21:25:49.699Z",
    "user": 1,
    "content_type": 11,
    "object_id": "8",
    "object_repr": "Iphone",
    "action_flag": 2,
    "change_message": "[{\"changed\": {\"fields\": [\"Categories\"]}}]"
  }
},
{
  "model": "admin.logentry",
  "pk": 16,
  "fields": {
    "action_time": "2023-07-11T21:25:53.915Z",
    "user": 1,
    "content_type": 11,
    "object_id": "7",
    "object_repr": "Macbooks",
    "action_flag": 2,
    "change_message": "[{\"changed\": {\"fields\": [\"Categories\"]}}]"
  }
},
{
  "model": "admin.logentry",
  "pk": 17,
  "fields": {
    "action_time": "2023-07-11T21:26:02.092Z",
    "user": 1,
    "content_type": 11,
    "object_id": "6",
    "object_repr": "Блоки питания",
    "action_flag": 2,
    "change_message": "[{\"changed\": {\"fields\": [\"Categories\"]}}]"
  }
},
{
  "model": "admin.logentry",
  "pk": 18,
  "fields": {
    "action_time": "2023-07-11T21:26:08.011Z",
    "user": 1,
    "content_type": 11,
    "object_id": "5",
    "object_repr": "Apple watch",
    "action_flag": 2,
    "change_message": "[{\"changed\": {\"fields\": [\"Categories\"]}}]"
  }
},
{
  "model": "admin.logentry",
  "pk": 19,
  "fields": {
    "action_time": "2023-07-11T21:26:14.845Z",
    "user": 1,
    "content_type": 11,
    "object_id": "3",
    "object_repr": "Процессоры",
    "action_flag": 2,
    "change_message": "[{\"changed\": {\"fields\": [\"Categories\"]}}]"
  }
},
{
  "model": "admin.logentry",
  "pk": 20,
  "fields": {
    "action_time": "2023-07-11T21:26:23.248Z",
    "user": 1,
    "content_type": 11,
    "object_id": "2",
    "object_repr": "Видеокарты",
    "action_flag": 2,
    "change_message": "[{\"changed\": {\"fields\": [\"Categories\"]}}]"
  }
},
{
  "model": "admin.logentry",
  "pk": 21,
  "fields": {
    "action_time": "2023-07-16T16:55:55.570Z",
    "user": 1,
    "content_type": 9,
    "object_id": "1",
    "object_repr": "компьютер",
    "action_flag": 1,
    "change_message": "[{\"added\": {}}]"
  }
},
{
  "model": "admin.logentry",
  "pk": 22,
  "fields": {
    "action_time": "2023-07-16T16:56:02.128Z",
    "user": 1,
    "content_type": 9,
    "object_id": "2",
    "object_repr": "apple",
    "action_flag": 1,
    "change_message": "[{\"added\": {}}]"
  }
},
{
  "model": "admin.logentry",
  "pk": 23,
  "fields": {
    "action_time": "2023-07-16T16:56:10.949Z",
    "user": 1,
    "content_type": 9,
    "object_id": "3",
    "object_repr": "видеокарта",
    "action_flag": 1,
    "change_message": "[{\"added\": {}}]"
  }
},
{
  "model": "admin.logentry",
  "pk": 24,
  "fields": {
    "action_time": "2023-07-16T16:56:17.012Z",
    "user": 1,
    "content_type": 9,
    "object_id": "4",
    "object_repr": "процессор",
    "action_flag": 1,
    "change_message": "[{\"added\": {}}]"
  }
},
{
  "model": "admin.logentry",
  "pk": 25,
  "fields": {
    "action_time": "2023-07-16T16:56:22.501Z",
    "user": 1,
    "content_type": 9,
    "object_id": "5",
    "object_repr": "gaming",
    "action_flag": 1,
    "change_message": "[{\"added\": {}}]"
  }
},
{
  "model": "admin.logentry",
  "pk": 26,
  "fields": {
    "action_time": "2023-07-16T16:56:27.739Z",
    "user": 1,
    "content_type": 9,
    "object_id": "6",
    "object_repr": "игры",
    "action_flag": 1,
    "change_message": "[{\"added\": {}}]"
  }
},
{
  "model": "admin.logentry",
  "pk": 27,
  "fields": {
    "action_time": "2023-07-16T16:56:33.442Z",
    "user": 1,
    "content_type": 9,
    "object_id": "7",
    "object_repr": "айфон",
    "action_flag": 1,
    "change_message": "[{\"added\": {}}]"
  }
},
{
  "model": "admin.logentry",
  "pk": 28,
  "fields": {
    "action_time": "2023-07-16T16:56:42.033Z",
    "user": 1,
    "content_type": 9,
    "object_id": "8",
    "object_repr": "iPhone",
    "action_flag": 1,
    "change_message": "[{\"added\": {}}]"
  }
},
{
  "model": "admin.logentry",
  "pk": 29,
  "fields": {
    "action_time": "2023-07-16T16:56:47.450Z",
    "user": 1,
    "content_type": 9,
    "object_id": "9",
    "object_repr": "часы",
    "action_flag": 1,
    "change_message": "[{\"added\": {}}]"
  }
},
{
  "model": "admin.logentry",
  "pk": 30,
  "fields": {
    "action_time": "2023-07-16T16:56:52.090Z",
    "user": 1,
    "content_type": 9,
    "object_id": "10",
    "object_repr": "телефон",
    "action_flag": 1,
    "change_message": "[{\"added\": {}}]"
  }
},
{
  "model": "admin.logentry",
  "pk": 31,
  "fields": {
    "action_time": "2023-07-16T16:56:59.665Z",
    "user": 1,
    "content_type": 9,
    "object_id": "11",
    "object_repr": "блок питания",
    "action_flag": 1,
    "change_message": "[{\"added\": {}}]"
  }
},
{
  "model": "admin.logentry",
  "pk": 32,
  "fields": {
    "action_time": "2023-07-16T16:57:08.026Z",
    "user": 1,
    "content_type": 9,
    "object_id": "12",
    "object_repr": "ноутбук",
    "action_flag": 1,
    "change_message": "[{\"added\": {}}]"
  }
},
{
  "model": "admin.logentry",
  "pk": 33,
  "fields": {
    "action_time": "2023-07-17T15:30:00.381Z",
    "user": 1,
    "content_type": 9,
    "object_id": "5",
    "object_repr": "gaming",
    "action_flag": 2,
    "change_message": "[{\"added\": {\"name\": \"tagged item\", \"object\": \"None tagged with gaming\"}}]"
  }
},
{
  "model": "admin.logentry",
  "pk": 34,
  "fields": {
    "action_time": "2023-07-17T15:30:13.426Z",
    "user": 1,
    "content_type": 15,
    "object_id": "1",
    "object_repr": "Монитор",
    "action_flag": 1,
    "change_message": "[{\"added\": {}}]"
  }
},
{
  "model": "admin.logentry",
  "pk": 35,
  "fields": {
    "action_time": "2023-07-17T15:31:23.392Z",
    "user": 1,
    "content_type": 9,
    "object_id": "5",
    "object_repr": "gaming",
    "action_flag": 2,
    "change_message": "[]"
  }
},
{
  "model": "admin.logentry",
  "pk": 36,
  "fields": {
    "action_time": "2023-07-17T15:32:31.225Z",
    "user": 1,
    "content_type": 9,
    "object_id": "5",
    "object_repr": "gaming",
    "action_flag": 2,
    "change_message": "[]"
  }
},
{
  "model": "admin.logentry",
  "pk": 37,
  "fields": {
    "action_time": "2023-07-17T15:33:06.124Z",
    "user": 1,
    "content_type": 15,
    "object_id": "1",
    "object_repr": "Монитор",
    "action_flag": 2,
    "change_message": "[{\"changed\": {\"fields\": [\"Tags\"]}}]"
  }
},
{
  "model": "admin.logentry",
  "pk": 38,
  "fields": {
    "action_time": "2023-07-17T15:33:41.041Z",
    "user": 1,
    "content_type": 15,
    "object_id": "1",
    "object_repr": "Монитор",
    "action_flag": 2,
    "change_message": "[{\"changed\": {\"fields\": [\"Tags\"]}}]"
  }
},
{
  "model": "admin.logentry",
  "pk": 39,
  "fields": {
    "action_time": "2023-07-17T15:37:19.839Z",
    "user": 1,
    "content_type": 15,
    "object_id": "1",
    "object_repr": "Монитор",
    "action_flag": 2,
    "change_message": "[{\"changed\": {\"fields\": [\"Tags\", \"Rating\"]}}, {\"added\": {\"name\": \"product image\", \"object\": \"ProductImage object (1)\"}}, {\"added\": {\"name\": \"product image\", \"object\": \"ProductImage object (2)\"}}]"
  }
},
{
  "model": "admin.logentry",
  "pk": 40,
  "fields": {
    "action_time": "2023-07-17T15:39:56.613Z",
    "user": 1,
    "content_type": 15,
    "object_id": "1",
    "object_repr": "Монитор",
    "action_flag": 2,
    "change_message": "[]"
  }
},
{
  "model": "admin.logentry",
  "pk": 41,
  "fields": {
    "action_time": "2023-07-17T15:44:00.488Z",
    "user": 1,
    "content_type": 15,
    "object_id": "2",
    "object_repr": "IPhone 14",
    "action_flag": 1,
    "change_message": "[{\"added\": {}}, {\"added\": {\"name\": \"product image\", \"object\": \"ProductImage object (3)\"}}, {\"added\": {\"name\": \"product image\", \"object\": \"ProductImage object (4)\"}}, {\"added\": {\"name\": \"product image\", \"object\": \"ProductImage object (5)\"}}]"
  }
},
{
  "model": "admin.logentry",
  "pk": 42,
  "fields": {
    "action_time": "2023-07-17T17:49:05.314Z",
    "user": 1,
    "content_type": 17,
    "object_id": "1",
    "object_repr": "ProductReview object (1)",
    "action_flag": 1,
    "change_message": "[{\"added\": {}}]"
  }
},
{
  "model": "admin.logentry",
  "pk": 43,
  "fields": {
    "action_time": "2023-07-17T17:49:28.172Z",
    "user": 1,
    "content_type": 17,
    "object_id": "2",
    "object_repr": "ProductReview object (2)",
    "action_flag": 1,
    "change_message": "[{\"added\": {}}]"
  }
},
{
  "model": "admin.logentry",
  "pk": 44,
  "fields": {
    "action_time": "2023-07-17T17:57:56.555Z",
    "user": 1,
    "content_type": 17,
    "object_id": "1",
    "object_repr": "ProductReview object (1)",
    "action_flag": 1,
    "change_message": "[{\"added\": {}}]"
  }
},
{
  "model": "admin.logentry",
  "pk": 45,
  "fields": {
    "action_time": "2023-07-17T17:58:13.598Z",
    "user": 1,
    "content_type": 17,
    "object_id": "2",
    "object_repr": "ProductReview object (2)",
    "action_flag": 1,
    "change_message": "[{\"added\": {}}]"
  }
},
{
  "model": "admin.logentry",
  "pk": 46,
  "fields": {
    "action_time": "2023-07-17T18:14:14.343Z",
    "user": 1,
    "content_type": 18,
    "object_id": "1",
    "object_repr": "ProductSpecifications object (1)",
    "action_flag": 1,
    "change_message": "[{\"added\": {}}]"
  }
},
{
  "model": "admin.logentry",
  "pk": 47,
  "fields": {
    "action_time": "2023-07-17T18:14:38.888Z",
    "user": 1,
    "content_type": 18,
    "object_id": "2",
    "object_repr": "ProductSpecifications object (2)",
    "action_flag": 1,
    "change_message": "[{\"added\": {}}]"
  }
},
{
  "model": "admin.logentry",
  "pk": 48,
  "fields": {
    "action_time": "2023-07-24T14:37:40.309Z",
    "user": 1,
    "content_type": 11,
    "object_id": "9",
    "object_repr": "Мониторы",
    "action_flag": 1,
    "change_message": "[{\"added\": {}}, {\"added\": {\"name\": \"category image\", \"object\": \"CategoryImage object (9)\"}}]"
  }
},
{
  "model": "admin.logentry",
  "pk": 49,
  "fields": {
    "action_time": "2023-07-24T14:37:53.231Z",
    "user": 1,
    "content_type": 15,
    "object_id": "1",
    "object_repr": "Монитор",
    "action_flag": 2,
    "change_message": "[{\"changed\": {\"fields\": [\"Category\"]}}]"
  }
},
{
  "model": "admin.logentry",
  "pk": 50,
  "fields": {
    "action_time": "2023-07-24T14:39:03.879Z",
    "user": 1,
    "content_type": 15,
    "object_id": "3",
    "object_repr": "Новый монитор",
    "action_flag": 1,
    "change_message": "[{\"added\": {}}]"
  }
},
{
  "model": "admin.logentry",
  "pk": 51,
  "fields": {
    "action_time": "2023-07-24T14:39:52.846Z",
    "user": 1,
    "content_type": 15,
    "object_id": "3",
    "object_repr": "Новый монитор",
    "action_flag": 2,
    "change_message": "[{\"added\": {\"name\": \"product image\", \"object\": \"ProductImage object (6)\"}}]"
  }
},
{
  "model": "admin.logentry",
  "pk": 52,
  "fields": {
    "action_time": "2023-07-31T10:47:20.833Z",
    "user": 1,
    "content_type": 19,
    "object_id": "1",
    "object_repr": "Sales object (1)",
    "action_flag": 1,
    "change_message": "[{\"added\": {}}]"
  }
},
{
  "model": "admin.logentry",
  "pk": 53,
  "fields": {
    "action_time": "2023-07-31T10:48:00.238Z",
    "user": 1,
    "content_type": 19,
    "object_id": "2",
    "object_repr": "Sales object (2)",
    "action_flag": 1,
    "change_message": "[{\"added\": {}}]"
  }
},
{
  "model": "admin.logentry",
  "pk": 54,
  "fields": {
    "action_time": "2023-07-31T10:49:55.676Z",
    "user": 1,
    "content_type": 19,
    "object_id": "3",
    "object_repr": "Sales object (3)",
    "action_flag": 1,
    "change_message": "[{\"added\": {}}]"
  }
},
{
  "model": "admin.logentry",
  "pk": 55,
  "fields": {
    "action_time": "2023-07-31T11:07:06.130Z",
    "user": 1,
    "content_type": 19,
    "object_id": "3",
    "object_repr": "Sales object (3)",
    "action_flag": 3,
    "change_message": ""
  }
},
{
  "model": "admin.logentry",
  "pk": 56,
  "fields": {
    "action_time": "2023-07-31T11:07:06.143Z",
    "user": 1,
    "content_type": 19,
    "object_id": "2",
    "object_repr": "Sales object (2)",
    "action_flag": 3,
    "change_message": ""
  }
},
{
  "model": "admin.logentry",
  "pk": 57,
  "fields": {
    "action_time": "2023-07-31T18:46:39.043Z",
    "user": 1,
    "content_type": 15,
    "object_id": "1",
    "object_repr": "Монитор",
    "action_flag": 2,
    "change_message": "[{\"changed\": {\"fields\": [\"SalePrice\", \"DateFrom\", \"DateTo\", \"Discount\"]}}]"
  }
},
{
  "model": "admin.logentry",
  "pk": 58,
  "fields": {
    "action_time": "2023-07-31T19:03:14.845Z",
    "user": 1,
    "content_type": 15,
    "object_id": "2",
    "object_repr": "IPhone 14",
    "action_flag": 2,
    "change_message": "[{\"changed\": {\"fields\": [\"SalePrice\", \"DateFrom\", \"DateTo\", \"Discount\"]}}]"
  }
},
{
  "model": "admin.logentry",
  "pk": 59,
  "fields": {
    "action_time": "2023-07-31T19:39:28.603Z",
    "user": 1,
    "content_type": 15,
    "object_id": "4",
    "object_repr": "Смарт-часы Apple Watch Series 8 45мм Aluminium M/L сияющая звезда",
    "action_flag": 1,
    "change_message": "[{\"added\": {}}, {\"added\": {\"name\": \"product image\", \"object\": \"ProductImage object (7)\"}}, {\"added\": {\"name\": \"product image\", \"object\": \"ProductImage object (8)\"}}, {\"added\": {\"name\": \"product image\", \"object\": \"ProductImage object (9)\"}}]"
  }
},
{
  "model": "admin.logentry",
  "pk": 60,
  "fields": {
    "action_time": "2023-08-28T20:05:00.500Z",
    "user": 1,
    "content_type": 11,
    "object_id": "10",
    "object_repr": "Мониторы Samsung",
    "action_flag": 1,
    "change_message": "[{\"added\": {}}]"
  }
},
{
  "model": "admin.logentry",
  "pk": 61,
  "fields": {
    "action_time": "2023-08-28T20:37:09.383Z",
    "user": 1,
    "content_type": 11,
    "object_id": "10",
    "object_repr": "Мониторы Samsung",
    "action_flag": 2,
    "change_message": "[{\"added\": {\"name\": \"category image\", \"object\": \"CategoryImage object (10)\"}}]"
  }
},
{
  "model": "admin.logentry",
  "pk": 62,
  "fields": {
    "action_time": "2023-08-28T20:48:08.495Z",
    "user": 1,
    "content_type": 11,
    "object_id": "10",
    "object_repr": "Мониторы Samsung",
    "action_flag": 3,
    "change_message": ""
  }
},
{
  "model": "admin.logentry",
  "pk": 63,
  "fields": {
    "action_time": "2023-09-13T07:21:13.369Z",
    "user": 1,
    "content_type": 15,
    "object_id": "5",
    "object_repr": "Макбук AIR PRO",
    "action_flag": 1,
    "change_message": "[{\"added\": {}}, {\"added\": {\"name\": \"product image\", \"object\": \"ProductImage object (10)\"}}, {\"added\": {\"name\": \"product image\", \"object\": \"ProductImage object (11)\"}}]"
  }
},
{
  "model": "admin.logentry",
  "pk": 64,
  "fields": {
    "action_time": "2023-09-15T17:13:06.605Z",
    "user": 1,
    "content_type": 13,
    "object_id": "8",
    "object_repr": "Profile object (8)",
    "action_flag": 3,
    "change_message": ""
  }
},
{
  "model": "admin.logentry",
  "pk": 65,
  "fields": {
    "action_time": "2023-09-15T17:13:06.643Z",
    "user": 1,
    "content_type": 13,
    "object_id": "7",
    "object_repr": "Profile object (7)",
    "action_flag": 3,
    "change_message": ""
  }
},
{
  "model": "admin.logentry",
  "pk": 66,
  "fields": {
    "action_time": "2023-09-15T17:13:06.680Z",
    "user": 1,
    "content_type": 13,
    "object_id": "4",
    "object_repr": "Profile object (4)",
    "action_flag": 3,
    "change_message": ""
  }
},
{
  "model": "admin.logentry",
  "pk": 67,
  "fields": {
    "action_time": "2023-09-15T17:13:06.717Z",
    "user": 1,
    "content_type": 13,
    "object_id": "3",
    "object_repr": "Profile object (3)",
    "action_flag": 3,
    "change_message": ""
  }
},
{
  "model": "admin.logentry",
  "pk": 68,
  "fields": {
    "action_time": "2023-09-15T17:13:06.752Z",
    "user": 1,
    "content_type": 13,
    "object_id": "2",
    "object_repr": "Profile object (2)",
    "action_flag": 3,
    "change_message": ""
  }
},
{
  "model": "admin.logentry",
  "pk": 69,
  "fields": {
    "action_time": "2023-09-15T17:14:36.660Z",
    "user": 1,
    "content_type": 17,
    "object_id": "12",
    "object_repr": "ProductReview object (12)",
    "action_flag": 2,
    "change_message": "[{\"changed\": {\"fields\": [\"Author\", \"Text\"]}}]"
  }
},
{
  "model": "admin.logentry",
  "pk": 70,
  "fields": {
    "action_time": "2023-09-15T17:14:55.613Z",
    "user": 1,
    "content_type": 17,
    "object_id": "11",
    "object_repr": "ProductReview object (11)",
    "action_flag": 2,
    "change_message": "[{\"changed\": {\"fields\": [\"Author\", \"Text\"]}}]"
  }
},
{
  "model": "admin.logentry",
  "pk": 71,
  "fields": {
    "action_time": "2023-09-15T17:15:09.347Z",
    "user": 1,
    "content_type": 17,
    "object_id": "10",
    "object_repr": "ProductReview object (10)",
    "action_flag": 2,
    "change_message": "[{\"changed\": {\"fields\": [\"Author\", \"Text\"]}}]"
  }
},
{
  "model": "admin.logentry",
  "pk": 72,
  "fields": {
    "action_time": "2023-09-15T17:15:25.297Z",
    "user": 1,
    "content_type": 17,
    "object_id": "9",
    "object_repr": "ProductReview object (9)",
    "action_flag": 2,
    "change_message": "[{\"changed\": {\"fields\": [\"Author\", \"Text\"]}}]"
  }
},
{
  "model": "admin.logentry",
  "pk": 73,
  "fields": {
    "action_time": "2023-09-15T17:16:08.148Z",
    "user": 1,
    "content_type": 17,
    "object_id": "3",
    "object_repr": "ProductReview object (3)",
    "action_flag": 2,
    "change_message": "[{\"changed\": {\"fields\": [\"Author\", \"Text\"]}}]"
  }
},
{
  "model": "admin.logentry",
  "pk": 74,
  "fields": {
    "action_time": "2023-09-15T17:16:13.987Z",
    "user": 1,
    "content_type": 17,
    "object_id": "6",
    "object_repr": "ProductReview object (6)",
    "action_flag": 2,
    "change_message": "[{\"changed\": {\"fields\": [\"Author\"]}}]"
  }
},
{
  "model": "admin.logentry",
  "pk": 75,
  "fields": {
    "action_time": "2023-09-15T17:16:18.903Z",
    "user": 1,
    "content_type": 17,
    "object_id": "5",
    "object_repr": "ProductReview object (5)",
    "action_flag": 2,
    "change_message": "[{\"changed\": {\"fields\": [\"Author\"]}}]"
  }
},
{
  "model": "admin.logentry",
  "pk": 76,
  "fields": {
    "action_time": "2023-09-15T17:16:23.325Z",
    "user": 1,
    "content_type": 17,
    "object_id": "4",
    "object_repr": "ProductReview object (4)",
    "action_flag": 2,
    "change_message": "[{\"changed\": {\"fields\": [\"Author\"]}}]"
  }
},
{
  "model": "admin.logentry",
  "pk": 77,
  "fields": {
    "action_time": "2023-09-15T17:16:27.771Z",
    "user": 1,
    "content_type": 17,
    "object_id": "2",
    "object_repr": "ProductReview object (2)",
    "action_flag": 2,
    "change_message": "[{\"changed\": {\"fields\": [\"Author\"]}}]"
  }
},
{
  "model": "admin.logentry",
  "pk": 78,
  "fields": {
    "action_time": "2023-09-15T17:16:33.870Z",
    "user": 1,
    "content_type": 17,
    "object_id": "1",
    "object_repr": "ProductReview object (1)",
    "action_flag": 2,
    "change_message": "[{\"changed\": {\"fields\": [\"Author\"]}}]"
  }
},
{
  "model": "admin.logentry",
  "pk": 79,
  "fields": {
    "action_time": "2023-09-15T17:17:08.572Z",
    "user": 1,
    "content_type": 4,
    "object_id": "8",
    "object_repr": "Aleksandr",
    "action_flag": 3,
    "change_message": ""
  }
},
{
  "model": "admin.logentry",
  "pk": 80,
  "fields": {
    "action_time": "2023-09-15T17:17:08.613Z",
    "user": 1,
    "content_type": 4,
    "object_id": "2",
    "object_repr": "Aliksiy",
    "action_flag": 3,
    "change_message": ""
  }
},
{
  "model": "admin.logentry",
  "pk": 81,
  "fields": {
    "action_time": "2023-09-15T17:17:08.650Z",
    "user": 1,
    "content_type": 4,
    "object_id": "4",
    "object_repr": "Anichka",
    "action_flag": 3,
    "change_message": ""
  }
},
{
  "model": "admin.logentry",
  "pk": 82,
  "fields": {
    "action_time": "2023-09-15T17:17:08.684Z",
    "user": 1,
    "content_type": 4,
    "object_id": "3",
    "object_repr": "Elmanishe",
    "action_flag": 3,
    "change_message": ""
  }
},
{
  "model": "admin.logentry",
  "pk": 83,
  "fields": {
    "action_time": "2023-09-15T17:17:08.723Z",
    "user": 1,
    "content_type": 4,
    "object_id": "7",
    "object_repr": "Kirill_1992",
    "action_flag": 3,
    "change_message": ""
  }
},
{
  "model": "admin.logentry",
  "pk": 84,
  "fields": {
    "action_time": "2023-09-15T17:17:58.397Z",
    "user": 1,
    "content_type": 22,
    "object_id": "211",
    "object_repr": "Order object (211)",
    "action_flag": 3,
    "change_message": ""
  }
},
{
  "model": "admin.logentry",
  "pk": 85,
  "fields": {
    "action_time": "2023-09-15T17:17:58.435Z",
    "user": 1,
    "content_type": 22,
    "object_id": "209",
    "object_repr": "Order object (209)",
    "action_flag": 3,
    "change_message": ""
  }
},
{
  "model": "admin.logentry",
  "pk": 86,
  "fields": {
    "action_time": "2023-09-15T17:17:58.473Z",
    "user": 1,
    "content_type": 22,
    "object_id": "208",
    "object_repr": "Order object (208)",
    "action_flag": 3,
    "change_message": ""
  }
},
{
  "model": "admin.logentry",
  "pk": 87,
  "fields": {
    "action_time": "2023-09-15T17:17:58.510Z",
    "user": 1,
    "content_type": 22,
    "object_id": "207",
    "object_repr": "Order object (207)",
    "action_flag": 3,
    "change_message": ""
  }
},
{
  "model": "admin.logentry",
  "pk": 88,
  "fields": {
    "action_time": "2023-09-15T17:17:58.548Z",
    "user": 1,
    "content_type": 22,
    "object_id": "206",
    "object_repr": "Order object (206)",
    "action_flag": 3,
    "change_message": ""
  }
},
{
  "model": "admin.logentry",
  "pk": 89,
  "fields": {
    "action_time": "2023-09-15T17:17:58.583Z",
    "user": 1,
    "content_type": 22,
    "object_id": "205",
    "object_repr": "Order object (205)",
    "action_flag": 3,
    "change_message": ""
  }
},
{
  "model": "admin.logentry",
  "pk": 90,
  "fields": {
    "action_time": "2023-09-15T17:17:58.619Z",
    "user": 1,
    "content_type": 22,
    "object_id": "172",
    "object_repr": "Order object (172)",
    "action_flag": 3,
    "change_message": ""
  }
},
{
  "model": "admin.logentry",
  "pk": 91,
  "fields": {
    "action_time": "2023-09-15T17:17:58.655Z",
    "user": 1,
    "content_type": 22,
    "object_id": "163",
    "object_repr": "Order object (163)",
    "action_flag": 3,
    "change_message": ""
  }
},
{
  "model": "admin.logentry",
  "pk": 92,
  "fields": {
    "action_time": "2023-09-15T17:17:58.694Z",
    "user": 1,
    "content_type": 22,
    "object_id": "162",
    "object_repr": "Order object (162)",
    "action_flag": 3,
    "change_message": ""
  }
},
{
  "model": "admin.logentry",
  "pk": 93,
  "fields": {
    "action_time": "2023-09-15T17:17:58.733Z",
    "user": 1,
    "content_type": 22,
    "object_id": "161",
    "object_repr": "Order object (161)",
    "action_flag": 3,
    "change_message": ""
  }
},
{
  "model": "admin.logentry",
  "pk": 94,
  "fields": {
    "action_time": "2023-09-15T17:17:58.774Z",
    "user": 1,
    "content_type": 22,
    "object_id": "159",
    "object_repr": "Order object (159)",
    "action_flag": 3,
    "change_message": ""
  }
},
{
  "model": "admin.logentry",
  "pk": 95,
  "fields": {
    "action_time": "2023-09-15T17:17:58.813Z",
    "user": 1,
    "content_type": 22,
    "object_id": "158",
    "object_repr": "Order object (158)",
    "action_flag": 3,
    "change_message": ""
  }
},
{
  "model": "admin.logentry",
  "pk": 96,
  "fields": {
    "action_time": "2023-09-15T17:17:58.851Z",
    "user": 1,
    "content_type": 22,
    "object_id": "157",
    "object_repr": "Order object (157)",
    "action_flag": 3,
    "change_message": ""
  }
},
{
  "model": "admin.logentry",
  "pk": 97,
  "fields": {
    "action_time": "2023-09-15T17:17:58.890Z",
    "user": 1,
    "content_type": 22,
    "object_id": "129",
    "object_repr": "Order object (129)",
    "action_flag": 3,
    "change_message": ""
  }
},
{
  "model": "admin.logentry",
  "pk": 98,
  "fields": {
    "action_time": "2023-09-15T17:17:58.929Z",
    "user": 1,
    "content_type": 22,
    "object_id": "124",
    "object_repr": "Order object (124)",
    "action_flag": 3,
    "change_message": ""
  }
},
{
  "model": "admin.logentry",
  "pk": 99,
  "fields": {
    "action_time": "2023-09-15T17:17:58.969Z",
    "user": 1,
    "content_type": 22,
    "object_id": "118",
    "object_repr": "Order object (118)",
    "action_flag": 3,
    "change_message": ""
  }
},
{
  "model": "admin.logentry",
  "pk": 100,
  "fields": {
    "action_time": "2023-09-15T17:17:59.004Z",
    "user": 1,
    "content_type": 22,
    "object_id": "116",
    "object_repr": "Order object (116)",
    "action_flag": 3,
    "change_message": ""
  }
},
{
  "model": "admin.logentry",
  "pk": 101,
  "fields": {
    "action_time": "2023-09-15T17:17:59.039Z",
    "user": 1,
    "content_type": 22,
    "object_id": "113",
    "object_repr": "Order object (113)",
    "action_flag": 3,
    "change_message": ""
  }
},
{
  "model": "admin.logentry",
  "pk": 102,
  "fields": {
    "action_time": "2023-09-15T17:17:59.074Z",
    "user": 1,
    "content_type": 22,
    "object_id": "100",
    "object_repr": "Order object (100)",
    "action_flag": 3,
    "change_message": ""
  }
},
{
  "model": "admin.logentry",
  "pk": 103,
  "fields": {
    "action_time": "2023-09-15T17:17:59.110Z",
    "user": 1,
    "content_type": 22,
    "object_id": "69",
    "object_repr": "Order object (69)",
    "action_flag": 3,
    "change_message": ""
  }
},
{
  "model": "admin.logentry",
  "pk": 104,
  "fields": {
    "action_time": "2023-09-15T17:17:59.145Z",
    "user": 1,
    "content_type": 22,
    "object_id": "64",
    "object_repr": "Order object (64)",
    "action_flag": 3,
    "change_message": ""
  }
},
{
  "model": "admin.logentry",
  "pk": 105,
  "fields": {
    "action_time": "2023-09-15T17:17:59.181Z",
    "user": 1,
    "content_type": 22,
    "object_id": "62",
    "object_repr": "Order object (62)",
    "action_flag": 3,
    "change_message": ""
  }
},
{
  "model": "admin.logentry",
  "pk": 106,
  "fields": {
    "action_time": "2023-09-15T17:17:59.217Z",
    "user": 1,
    "content_type": 22,
    "object_id": "60",
    "object_repr": "Order object (60)",
    "action_flag": 3,
    "change_message": ""
  }
},
{
  "model": "admin.logentry",
  "pk": 107,
  "fields": {
    "action_time": "2023-09-15T17:17:59.251Z",
    "user": 1,
    "content_type": 22,
    "object_id": "59",
    "object_repr": "Order object (59)",
    "action_flag": 3,
    "change_message": ""
  }
},
{
  "model": "admin.logentry",
  "pk": 108,
  "fields": {
    "action_time": "2023-09-15T17:17:59.286Z",
    "user": 1,
    "content_type": 22,
    "object_id": "169",
    "object_repr": "Order object (169)",
    "action_flag": 3,
    "change_message": ""
  }
},
{
  "model": "admin.logentry",
  "pk": 109,
  "fields": {
    "action_time": "2023-09-15T17:17:59.323Z",
    "user": 1,
    "content_type": 22,
    "object_id": "168",
    "object_repr": "Order object (168)",
    "action_flag": 3,
    "change_message": ""
  }
},
{
  "model": "admin.logentry",
  "pk": 110,
  "fields": {
    "action_time": "2023-09-15T17:17:59.359Z",
    "user": 1,
    "content_type": 22,
    "object_id": "167",
    "object_repr": "Order object (167)",
    "action_flag": 3,
    "change_message": ""
  }
},
{
  "model": "admin.logentry",
  "pk": 111,
  "fields": {
    "action_time": "2023-09-15T17:17:59.394Z",
    "user": 1,
    "content_type": 22,
    "object_id": "166",
    "object_repr": "Order object (166)",
    "action_flag": 3,
    "change_message": ""
  }
},
{
  "model": "admin.logentry",
  "pk": 112,
  "fields": {
    "action_time": "2023-09-15T17:17:59.430Z",
    "user": 1,
    "content_type": 22,
    "object_id": "165",
    "object_repr": "Order object (165)",
    "action_flag": 3,
    "change_message": ""
  }
},
{
  "model": "admin.logentry",
  "pk": 113,
  "fields": {
    "action_time": "2023-09-15T17:17:59.466Z",
    "user": 1,
    "content_type": 22,
    "object_id": "164",
    "object_repr": "Order object (164)",
    "action_flag": 3,
    "change_message": ""
  }
},
{
  "model": "admin.logentry",
  "pk": 114,
  "fields": {
    "action_time": "2023-09-15T17:17:59.501Z",
    "user": 1,
    "content_type": 22,
    "object_id": "160",
    "object_repr": "Order object (160)",
    "action_flag": 3,
    "change_message": ""
  }
},
{
  "model": "admin.logentry",
  "pk": 115,
  "fields": {
    "action_time": "2023-09-15T17:17:59.536Z",
    "user": 1,
    "content_type": 22,
    "object_id": "156",
    "object_repr": "Order object (156)",
    "action_flag": 3,
    "change_message": ""
  }
},
{
  "model": "admin.logentry",
  "pk": 116,
  "fields": {
    "action_time": "2023-09-15T17:17:59.571Z",
    "user": 1,
    "content_type": 22,
    "object_id": "155",
    "object_repr": "Order object (155)",
    "action_flag": 3,
    "change_message": ""
  }
},
{
  "model": "admin.logentry",
  "pk": 117,
  "fields": {
    "action_time": "2023-09-15T17:17:59.606Z",
    "user": 1,
    "content_type": 22,
    "object_id": "154",
    "object_repr": "Order object (154)",
    "action_flag": 3,
    "change_message": ""
  }
},
{
  "model": "admin.logentry",
  "pk": 118,
  "fields": {
    "action_time": "2023-09-15T17:17:59.640Z",
    "user": 1,
    "content_type": 22,
    "object_id": "153",
    "object_repr": "Order object (153)",
    "action_flag": 3,
    "change_message": ""
  }
},
{
  "model": "admin.logentry",
  "pk": 119,
  "fields": {
    "action_time": "2023-09-15T17:17:59.675Z",
    "user": 1,
    "content_type": 22,
    "object_id": "152",
    "object_repr": "Order object (152)",
    "action_flag": 3,
    "change_message": ""
  }
},
{
  "model": "admin.logentry",
  "pk": 120,
  "fields": {
    "action_time": "2023-09-15T17:17:59.710Z",
    "user": 1,
    "content_type": 22,
    "object_id": "151",
    "object_repr": "Order object (151)",
    "action_flag": 3,
    "change_message": ""
  }
},
{
  "model": "admin.logentry",
  "pk": 121,
  "fields": {
    "action_time": "2023-09-15T17:17:59.745Z",
    "user": 1,
    "content_type": 22,
    "object_id": "150",
    "object_repr": "Order object (150)",
    "action_flag": 3,
    "change_message": ""
  }
},
{
  "model": "admin.logentry",
  "pk": 122,
  "fields": {
    "action_time": "2023-09-15T17:17:59.780Z",
    "user": 1,
    "content_type": 22,
    "object_id": "149",
    "object_repr": "Order object (149)",
    "action_flag": 3,
    "change_message": ""
  }
},
{
  "model": "admin.logentry",
  "pk": 123,
  "fields": {
    "action_time": "2023-09-15T17:17:59.817Z",
    "user": 1,
    "content_type": 22,
    "object_id": "148",
    "object_repr": "Order object (148)",
    "action_flag": 3,
    "change_message": ""
  }
},
{
  "model": "admin.logentry",
  "pk": 124,
  "fields": {
    "action_time": "2023-09-15T17:17:59.853Z",
    "user": 1,
    "content_type": 22,
    "object_id": "147",
    "object_repr": "Order object (147)",
    "action_flag": 3,
    "change_message": ""
  }
},
{
  "model": "admin.logentry",
  "pk": 125,
  "fields": {
    "action_time": "2023-09-15T17:17:59.890Z",
    "user": 1,
    "content_type": 22,
    "object_id": "146",
    "object_repr": "Order object (146)",
    "action_flag": 3,
    "change_message": ""
  }
},
{
  "model": "admin.logentry",
  "pk": 126,
  "fields": {
    "action_time": "2023-09-15T17:17:59.924Z",
    "user": 1,
    "content_type": 22,
    "object_id": "145",
    "object_repr": "Order object (145)",
    "action_flag": 3,
    "change_message": ""
  }
},
{
  "model": "admin.logentry",
  "pk": 127,
  "fields": {
    "action_time": "2023-09-15T17:17:59.958Z",
    "user": 1,
    "content_type": 22,
    "object_id": "144",
    "object_repr": "Order object (144)",
    "action_flag": 3,
    "change_message": ""
  }
},
{
  "model": "admin.logentry",
  "pk": 128,
  "fields": {
    "action_time": "2023-09-15T17:17:59.996Z",
    "user": 1,
    "content_type": 22,
    "object_id": "143",
    "object_repr": "Order object (143)",
    "action_flag": 3,
    "change_message": ""
  }
},
{
  "model": "admin.logentry",
  "pk": 129,
  "fields": {
    "action_time": "2023-09-15T17:18:00.038Z",
    "user": 1,
    "content_type": 22,
    "object_id": "142",
    "object_repr": "Order object (142)",
    "action_flag": 3,
    "change_message": ""
  }
},
{
  "model": "admin.logentry",
  "pk": 130,
  "fields": {
    "action_time": "2023-09-15T17:18:00.080Z",
    "user": 1,
    "content_type": 22,
    "object_id": "141",
    "object_repr": "Order object (141)",
    "action_flag": 3,
    "change_message": ""
  }
},
{
  "model": "admin.logentry",
  "pk": 131,
  "fields": {
    "action_time": "2023-09-15T17:18:00.120Z",
    "user": 1,
    "content_type": 22,
    "object_id": "140",
    "object_repr": "Order object (140)",
    "action_flag": 3,
    "change_message": ""
  }
},
{
  "model": "admin.logentry",
  "pk": 132,
  "fields": {
    "action_time": "2023-09-15T17:18:00.161Z",
    "user": 1,
    "content_type": 22,
    "object_id": "139",
    "object_repr": "Order object (139)",
    "action_flag": 3,
    "change_message": ""
  }
},
{
  "model": "admin.logentry",
  "pk": 133,
  "fields": {
    "action_time": "2023-09-15T17:18:00.201Z",
    "user": 1,
    "content_type": 22,
    "object_id": "138",
    "object_repr": "Order object (138)",
    "action_flag": 3,
    "change_message": ""
  }
},
{
  "model": "admin.logentry",
  "pk": 134,
  "fields": {
    "action_time": "2023-09-15T17:18:00.243Z",
    "user": 1,
    "content_type": 22,
    "object_id": "137",
    "object_repr": "Order object (137)",
    "action_flag": 3,
    "change_message": ""
  }
},
{
  "model": "admin.logentry",
  "pk": 135,
  "fields": {
    "action_time": "2023-09-15T17:18:00.284Z",
    "user": 1,
    "content_type": 22,
    "object_id": "136",
    "object_repr": "Order object (136)",
    "action_flag": 3,
    "change_message": ""
  }
},
{
  "model": "admin.logentry",
  "pk": 136,
  "fields": {
    "action_time": "2023-09-15T17:18:00.319Z",
    "user": 1,
    "content_type": 22,
    "object_id": "135",
    "object_repr": "Order object (135)",
    "action_flag": 3,
    "change_message": ""
  }
},
{
  "model": "admin.logentry",
  "pk": 137,
  "fields": {
    "action_time": "2023-09-15T17:18:00.356Z",
    "user": 1,
    "content_type": 22,
    "object_id": "134",
    "object_repr": "Order object (134)",
    "action_flag": 3,
    "change_message": ""
  }
},
{
  "model": "admin.logentry",
  "pk": 138,
  "fields": {
    "action_time": "2023-09-15T17:18:00.393Z",
    "user": 1,
    "content_type": 22,
    "object_id": "133",
    "object_repr": "Order object (133)",
    "action_flag": 3,
    "change_message": ""
  }
},
{
  "model": "admin.logentry",
  "pk": 139,
  "fields": {
    "action_time": "2023-09-15T17:18:00.429Z",
    "user": 1,
    "content_type": 22,
    "object_id": "132",
    "object_repr": "Order object (132)",
    "action_flag": 3,
    "change_message": ""
  }
},
{
  "model": "admin.logentry",
  "pk": 140,
  "fields": {
    "action_time": "2023-09-15T17:18:00.465Z",
    "user": 1,
    "content_type": 22,
    "object_id": "131",
    "object_repr": "Order object (131)",
    "action_flag": 3,
    "change_message": ""
  }
},
{
  "model": "admin.logentry",
  "pk": 141,
  "fields": {
    "action_time": "2023-09-15T17:18:00.499Z",
    "user": 1,
    "content_type": 22,
    "object_id": "130",
    "object_repr": "Order object (130)",
    "action_flag": 3,
    "change_message": ""
  }
},
{
  "model": "admin.logentry",
  "pk": 142,
  "fields": {
    "action_time": "2023-09-15T17:18:00.535Z",
    "user": 1,
    "content_type": 22,
    "object_id": "58",
    "object_repr": "Order object (58)",
    "action_flag": 3,
    "change_message": ""
  }
},
{
  "model": "admin.logentry",
  "pk": 143,
  "fields": {
    "action_time": "2023-09-15T17:18:00.569Z",
    "user": 1,
    "content_type": 22,
    "object_id": "57",
    "object_repr": "Order object (57)",
    "action_flag": 3,
    "change_message": ""
  }
},
{
  "model": "admin.logentry",
  "pk": 144,
  "fields": {
    "action_time": "2023-09-15T17:18:00.605Z",
    "user": 1,
    "content_type": 22,
    "object_id": "56",
    "object_repr": "Order object (56)",
    "action_flag": 3,
    "change_message": ""
  }
},
{
  "model": "admin.logentry",
  "pk": 145,
  "fields": {
    "action_time": "2023-09-15T17:18:00.642Z",
    "user": 1,
    "content_type": 22,
    "object_id": "55",
    "object_repr": "Order object (55)",
    "action_flag": 3,
    "change_message": ""
  }
},
{
  "model": "admin.logentry",
  "pk": 146,
  "fields": {
    "action_time": "2023-09-15T17:18:00.677Z",
    "user": 1,
    "content_type": 22,
    "object_id": "54",
    "object_repr": "Order object (54)",
    "action_flag": 3,
    "change_message": ""
  }
},
{
  "model": "admin.logentry",
  "pk": 147,
  "fields": {
    "action_time": "2023-09-15T17:18:00.713Z",
    "user": 1,
    "content_type": 22,
    "object_id": "53",
    "object_repr": "Order object (53)",
    "action_flag": 3,
    "change_message": ""
  }
},
{
  "model": "admin.logentry",
  "pk": 148,
  "fields": {
    "action_time": "2023-09-15T17:18:00.749Z",
    "user": 1,
    "content_type": 22,
    "object_id": "52",
    "object_repr": "Order object (52)",
    "action_flag": 3,
    "change_message": ""
  }
},
{
  "model": "admin.logentry",
  "pk": 149,
  "fields": {
    "action_time": "2023-09-15T17:18:00.785Z",
    "user": 1,
    "content_type": 22,
    "object_id": "51",
    "object_repr": "Order object (51)",
    "action_flag": 3,
    "change_message": ""
  }
},
{
  "model": "admin.logentry",
  "pk": 150,
  "fields": {
    "action_time": "2023-09-15T17:18:00.820Z",
    "user": 1,
    "content_type": 22,
    "object_id": "50",
    "object_repr": "Order object (50)",
    "action_flag": 3,
    "change_message": ""
  }
},
{
  "model": "admin.logentry",
  "pk": 151,
  "fields": {
    "action_time": "2023-09-15T17:18:00.857Z",
    "user": 1,
    "content_type": 22,
    "object_id": "49",
    "object_repr": "Order object (49)",
    "action_flag": 3,
    "change_message": ""
  }
},
{
  "model": "admin.logentry",
  "pk": 152,
  "fields": {
    "action_time": "2023-09-15T17:18:00.898Z",
    "user": 1,
    "content_type": 22,
    "object_id": "48",
    "object_repr": "Order object (48)",
    "action_flag": 3,
    "change_message": ""
  }
},
{
  "model": "admin.logentry",
  "pk": 153,
  "fields": {
    "action_time": "2023-09-15T17:18:00.935Z",
    "user": 1,
    "content_type": 22,
    "object_id": "47",
    "object_repr": "Order object (47)",
    "action_flag": 3,
    "change_message": ""
  }
},
{
  "model": "admin.logentry",
  "pk": 154,
  "fields": {
    "action_time": "2023-09-15T17:18:00.972Z",
    "user": 1,
    "content_type": 22,
    "object_id": "46",
    "object_repr": "Order object (46)",
    "action_flag": 3,
    "change_message": ""
  }
},
{
  "model": "admin.logentry",
  "pk": 155,
  "fields": {
    "action_time": "2023-09-15T17:18:01.013Z",
    "user": 1,
    "content_type": 22,
    "object_id": "45",
    "object_repr": "Order object (45)",
    "action_flag": 3,
    "change_message": ""
  }
},
{
  "model": "admin.logentry",
  "pk": 156,
  "fields": {
    "action_time": "2023-09-15T17:18:01.048Z",
    "user": 1,
    "content_type": 22,
    "object_id": "44",
    "object_repr": "Order object (44)",
    "action_flag": 3,
    "change_message": ""
  }
},
{
  "model": "admin.logentry",
  "pk": 157,
  "fields": {
    "action_time": "2023-09-15T17:18:01.083Z",
    "user": 1,
    "content_type": 22,
    "object_id": "43",
    "object_repr": "Order object (43)",
    "action_flag": 3,
    "change_message": ""
  }
},
{
  "model": "admin.logentry",
  "pk": 158,
  "fields": {
    "action_time": "2023-09-15T17:18:01.118Z",
    "user": 1,
    "content_type": 22,
    "object_id": "42",
    "object_repr": "Order object (42)",
    "action_flag": 3,
    "change_message": ""
  }
},
{
  "model": "admin.logentry",
  "pk": 159,
  "fields": {
    "action_time": "2023-09-15T17:18:01.153Z",
    "user": 1,
    "content_type": 22,
    "object_id": "41",
    "object_repr": "Order object (41)",
    "action_flag": 3,
    "change_message": ""
  }
},
{
  "model": "admin.logentry",
  "pk": 160,
  "fields": {
    "action_time": "2023-09-15T17:18:01.188Z",
    "user": 1,
    "content_type": 22,
    "object_id": "40",
    "object_repr": "Order object (40)",
    "action_flag": 3,
    "change_message": ""
  }
},
{
  "model": "admin.logentry",
  "pk": 161,
  "fields": {
    "action_time": "2023-09-15T17:18:01.223Z",
    "user": 1,
    "content_type": 22,
    "object_id": "39",
    "object_repr": "Order object (39)",
    "action_flag": 3,
    "change_message": ""
  }
},
{
  "model": "admin.logentry",
  "pk": 162,
  "fields": {
    "action_time": "2023-09-15T17:18:01.259Z",
    "user": 1,
    "content_type": 22,
    "object_id": "38",
    "object_repr": "Order object (38)",
    "action_flag": 3,
    "change_message": ""
  }
},
{
  "model": "admin.logentry",
  "pk": 163,
  "fields": {
    "action_time": "2023-09-15T17:18:01.295Z",
    "user": 1,
    "content_type": 22,
    "object_id": "37",
    "object_repr": "Order object (37)",
    "action_flag": 3,
    "change_message": ""
  }
},
{
  "model": "admin.logentry",
  "pk": 164,
  "fields": {
    "action_time": "2023-09-15T17:18:01.335Z",
    "user": 1,
    "content_type": 22,
    "object_id": "36",
    "object_repr": "Order object (36)",
    "action_flag": 3,
    "change_message": ""
  }
},
{
  "model": "admin.logentry",
  "pk": 165,
  "fields": {
    "action_time": "2023-09-15T17:18:01.377Z",
    "user": 1,
    "content_type": 22,
    "object_id": "35",
    "object_repr": "Order object (35)",
    "action_flag": 3,
    "change_message": ""
  }
},
{
  "model": "admin.logentry",
  "pk": 166,
  "fields": {
    "action_time": "2023-09-15T17:18:01.415Z",
    "user": 1,
    "content_type": 22,
    "object_id": "34",
    "object_repr": "Order object (34)",
    "action_flag": 3,
    "change_message": ""
  }
},
{
  "model": "admin.logentry",
  "pk": 167,
  "fields": {
    "action_time": "2023-09-15T17:18:01.455Z",
    "user": 1,
    "content_type": 22,
    "object_id": "33",
    "object_repr": "Order object (33)",
    "action_flag": 3,
    "change_message": ""
  }
},
{
  "model": "admin.logentry",
  "pk": 168,
  "fields": {
    "action_time": "2023-09-15T17:18:01.497Z",
    "user": 1,
    "content_type": 22,
    "object_id": "32",
    "object_repr": "Order object (32)",
    "action_flag": 3,
    "change_message": ""
  }
},
{
  "model": "admin.logentry",
  "pk": 169,
  "fields": {
    "action_time": "2023-09-15T17:18:01.538Z",
    "user": 1,
    "content_type": 22,
    "object_id": "31",
    "object_repr": "Order object (31)",
    "action_flag": 3,
    "change_message": ""
  }
},
{
  "model": "admin.logentry",
  "pk": 170,
  "fields": {
    "action_time": "2023-09-15T17:18:01.580Z",
    "user": 1,
    "content_type": 22,
    "object_id": "30",
    "object_repr": "Order object (30)",
    "action_flag": 3,
    "change_message": ""
  }
},
{
  "model": "admin.logentry",
  "pk": 171,
  "fields": {
    "action_time": "2023-09-15T17:18:01.617Z",
    "user": 1,
    "content_type": 22,
    "object_id": "29",
    "object_repr": "Order object (29)",
    "action_flag": 3,
    "change_message": ""
  }
},
{
  "model": "admin.logentry",
  "pk": 172,
  "fields": {
    "action_time": "2023-09-15T17:18:01.654Z",
    "user": 1,
    "content_type": 22,
    "object_id": "28",
    "object_repr": "Order object (28)",
    "action_flag": 3,
    "change_message": ""
  }
},
{
  "model": "admin.logentry",
  "pk": 173,
  "fields": {
    "action_time": "2023-09-15T17:18:01.690Z",
    "user": 1,
    "content_type": 22,
    "object_id": "27",
    "object_repr": "Order object (27)",
    "action_flag": 3,
    "change_message": ""
  }
},
{
  "model": "admin.logentry",
  "pk": 174,
  "fields": {
    "action_time": "2023-09-15T17:18:01.726Z",
    "user": 1,
    "content_type": 22,
    "object_id": "26",
    "object_repr": "Order object (26)",
    "action_flag": 3,
    "change_message": ""
  }
},
{
  "model": "admin.logentry",
  "pk": 175,
  "fields": {
    "action_time": "2023-09-15T17:18:01.762Z",
    "user": 1,
    "content_type": 22,
    "object_id": "25",
    "object_repr": "Order object (25)",
    "action_flag": 3,
    "change_message": ""
  }
},
{
  "model": "admin.logentry",
  "pk": 176,
  "fields": {
    "action_time": "2023-09-15T17:34:38.531Z",
    "user": 1,
    "content_type": 15,
    "object_id": "1",
    "object_repr": "Монитор",
    "action_flag": 2,
    "change_message": "[{\"changed\": {\"fields\": [\"Tags\"]}}]"
  }
},
{
  "model": "admin.logentry",
  "pk": 177,
  "fields": {
    "action_time": "2023-09-15T17:35:30.036Z",
    "user": 1,
    "content_type": 9,
    "object_id": "3",
    "object_repr": "видеокарта",
    "action_flag": 3,
    "change_message": ""
  }
},
{
  "model": "admin.logentry",
  "pk": 178,
  "fields": {
    "action_time": "2023-09-15T17:35:46.470Z",
    "user": 1,
    "content_type": 9,
    "object_id": "4",
    "object_repr": "процессор",
    "action_flag": 3,
    "change_message": ""
  }
},
{
  "model": "admin.logentry",
  "pk": 179,
  "fields": {
    "action_time": "2023-09-15T17:35:51.056Z",
    "user": 1,
    "content_type": 9,
    "object_id": "15",
    "object_repr": "спорт",
    "action_flag": 3,
    "change_message": ""
  }
},
{
  "model": "admin.logentry",
  "pk": 180,
  "fields": {
    "action_time": "2023-09-15T17:35:59.287Z",
    "user": 1,
    "content_type": 9,
    "object_id": "6",
    "object_repr": "игры",
    "action_flag": 3,
    "change_message": ""
  }
},
{
  "model": "admin.logentry",
  "pk": 181,
  "fields": {
    "action_time": "2023-09-15T17:36:14.750Z",
    "user": 1,
    "content_type": 9,
    "object_id": "5",
    "object_repr": "gaming",
    "action_flag": 3,
    "change_message": ""
  }
},
{
  "model": "admin.logentry",
  "pk": 182,
  "fields": {
    "action_time": "2023-09-15T17:36:30.580Z",
    "user": 1,
    "content_type": 9,
    "object_id": "11",
    "object_repr": "блок питания",
    "action_flag": 3,
    "change_message": ""
  }
},
{
  "model": "admin.logentry",
  "pk": 183,
  "fields": {
    "action_time": "2023-09-15T17:36:58.592Z",
    "user": 1,
    "content_type": 15,
    "object_id": "5",
    "object_repr": "Макбук AIR PRO",
    "action_flag": 2,
    "change_message": "[{\"changed\": {\"fields\": [\"Tags\"]}}]"
  }
},
{
  "model": "admin.logentry",
  "pk": 184,
  "fields": {
    "action_time": "2023-09-15T17:37:31.792Z",
    "user": 1,
    "content_type": 15,
    "object_id": "1",
    "object_repr": "Монитор",
    "action_flag": 2,
    "change_message": "[{\"changed\": {\"fields\": [\"Tags\"]}}]"
  }
},
{
  "model": "admin.logentry",
  "pk": 185,
  "fields": {
    "action_time": "2023-09-15T17:37:58.536Z",
    "user": 1,
    "content_type": 15,
    "object_id": "3",
    "object_repr": "Новый монитор",
    "action_flag": 2,
    "change_message": "[{\"changed\": {\"fields\": [\"Tags\"]}}]"
  }
},
{
  "model": "auth.permission",
  "pk": 1,
  "fields": {
    "name": "Can add log entry",
    "content_type": 1,
    "codename": "add_logentry"
  }
},
{
  "model": "auth.permission",
  "pk": 2,
  "fields": {
    "name": "Can change log entry",
    "content_type": 1,
    "codename": "change_logentry"
  }
},
{
  "model": "auth.permission",
  "pk": 3,
  "fields": {
    "name": "Can delete log entry",
    "content_type": 1,
    "codename": "delete_logentry"
  }
},
{
  "model": "auth.permission",
  "pk": 4,
  "fields": {
    "name": "Can view log entry",
    "content_type": 1,
    "codename": "view_logentry"
  }
},
{
  "model": "auth.permission",
  "pk": 5,
  "fields": {
    "name": "Can add permission",
    "content_type": 2,
    "codename": "add_permission"
  }
},
{
  "model": "auth.permission",
  "pk": 6,
  "fields": {
    "name": "Can change permission",
    "content_type": 2,
    "codename": "change_permission"
  }
},
{
  "model": "auth.permission",
  "pk": 7,
  "fields": {
    "name": "Can delete permission",
    "content_type": 2,
    "codename": "delete_permission"
  }
},
{
  "model": "auth.permission",
  "pk": 8,
  "fields": {
    "name": "Can view permission",
    "content_type": 2,
    "codename": "view_permission"
  }
},
{
  "model": "auth.permission",
  "pk": 9,
  "fields": {
    "name": "Can add group",
    "content_type": 3,
    "codename": "add_group"
  }
},
{
  "model": "auth.permission",
  "pk": 10,
  "fields": {
    "name": "Can change group",
    "content_type": 3,
    "codename": "change_group"
  }
},
{
  "model": "auth.permission",
  "pk": 11,
  "fields": {
    "name": "Can delete group",
    "content_type": 3,
    "codename": "delete_group"
  }
},
{
  "model": "auth.permission",
  "pk": 12,
  "fields": {
    "name": "Can view group",
    "content_type": 3,
    "codename": "view_group"
  }
},
{
  "model": "auth.permission",
  "pk": 13,
  "fields": {
    "name": "Can add user",
    "content_type": 4,
    "codename": "add_user"
  }
},
{
  "model": "auth.permission",
  "pk": 14,
  "fields": {
    "name": "Can change user",
    "content_type": 4,
    "codename": "change_user"
  }
},
{
  "model": "auth.permission",
  "pk": 15,
  "fields": {
    "name": "Can delete user",
    "content_type": 4,
    "codename": "delete_user"
  }
},
{
  "model": "auth.permission",
  "pk": 16,
  "fields": {
    "name": "Can view user",
    "content_type": 4,
    "codename": "view_user"
  }
},
{
  "model": "auth.permission",
  "pk": 17,
  "fields": {
    "name": "Can add content type",
    "content_type": 5,
    "codename": "add_contenttype"
  }
},
{
  "model": "auth.permission",
  "pk": 18,
  "fields": {
    "name": "Can change content type",
    "content_type": 5,
    "codename": "change_contenttype"
  }
},
{
  "model": "auth.permission",
  "pk": 19,
  "fields": {
    "name": "Can delete content type",
    "content_type": 5,
    "codename": "delete_contenttype"
  }
},
{
  "model": "auth.permission",
  "pk": 20,
  "fields": {
    "name": "Can view content type",
    "content_type": 5,
    "codename": "view_contenttype"
  }
},
{
  "model": "auth.permission",
  "pk": 21,
  "fields": {
    "name": "Can add session",
    "content_type": 6,
    "codename": "add_session"
  }
},
{
  "model": "auth.permission",
  "pk": 22,
  "fields": {
    "name": "Can change session",
    "content_type": 6,
    "codename": "change_session"
  }
},
{
  "model": "auth.permission",
  "pk": 23,
  "fields": {
    "name": "Can delete session",
    "content_type": 6,
    "codename": "delete_session"
  }
},
{
  "model": "auth.permission",
  "pk": 24,
  "fields": {
    "name": "Can view session",
    "content_type": 6,
    "codename": "view_session"
  }
},
{
  "model": "auth.permission",
  "pk": 25,
  "fields": {
    "name": "Can add Token",
    "content_type": 7,
    "codename": "add_token"
  }
},
{
  "model": "auth.permission",
  "pk": 26,
  "fields": {
    "name": "Can change Token",
    "content_type": 7,
    "codename": "change_token"
  }
},
{
  "model": "auth.permission",
  "pk": 27,
  "fields": {
    "name": "Can delete Token",
    "content_type": 7,
    "codename": "delete_token"
  }
},
{
  "model": "auth.permission",
  "pk": 28,
  "fields": {
    "name": "Can view Token",
    "content_type": 7,
    "codename": "view_token"
  }
},
{
  "model": "auth.permission",
  "pk": 29,
  "fields": {
    "name": "Can add token",
    "content_type": 8,
    "codename": "add_tokenproxy"
  }
},
{
  "model": "auth.permission",
  "pk": 30,
  "fields": {
    "name": "Can change token",
    "content_type": 8,
    "codename": "change_tokenproxy"
  }
},
{
  "model": "auth.permission",
  "pk": 31,
  "fields": {
    "name": "Can delete token",
    "content_type": 8,
    "codename": "delete_tokenproxy"
  }
},
{
  "model": "auth.permission",
  "pk": 32,
  "fields": {
    "name": "Can view token",
    "content_type": 8,
    "codename": "view_tokenproxy"
  }
},
{
  "model": "auth.permission",
  "pk": 33,
  "fields": {
    "name": "Can add tag",
    "content_type": 9,
    "codename": "add_tag"
  }
},
{
  "model": "auth.permission",
  "pk": 34,
  "fields": {
    "name": "Can change tag",
    "content_type": 9,
    "codename": "change_tag"
  }
},
{
  "model": "auth.permission",
  "pk": 35,
  "fields": {
    "name": "Can delete tag",
    "content_type": 9,
    "codename": "delete_tag"
  }
},
{
  "model": "auth.permission",
  "pk": 36,
  "fields": {
    "name": "Can view tag",
    "content_type": 9,
    "codename": "view_tag"
  }
},
{
  "model": "auth.permission",
  "pk": 37,
  "fields": {
    "name": "Can add tagged item",
    "content_type": 10,
    "codename": "add_taggeditem"
  }
},
{
  "model": "auth.permission",
  "pk": 38,
  "fields": {
    "name": "Can change tagged item",
    "content_type": 10,
    "codename": "change_taggeditem"
  }
},
{
  "model": "auth.permission",
  "pk": 39,
  "fields": {
    "name": "Can delete tagged item",
    "content_type": 10,
    "codename": "delete_taggeditem"
  }
},
{
  "model": "auth.permission",
  "pk": 40,
  "fields": {
    "name": "Can view tagged item",
    "content_type": 10,
    "codename": "view_taggeditem"
  }
},
{
  "model": "auth.permission",
  "pk": 41,
  "fields": {
    "name": "Can add category",
    "content_type": 11,
    "codename": "add_category"
  }
},
{
  "model": "auth.permission",
  "pk": 42,
  "fields": {
    "name": "Can change category",
    "content_type": 11,
    "codename": "change_category"
  }
},
{
  "model": "auth.permission",
  "pk": 43,
  "fields": {
    "name": "Can delete category",
    "content_type": 11,
    "codename": "delete_category"
  }
},
{
  "model": "auth.permission",
  "pk": 44,
  "fields": {
    "name": "Can view category",
    "content_type": 11,
    "codename": "view_category"
  }
},
{
  "model": "auth.permission",
  "pk": 45,
  "fields": {
    "name": "Can add category image",
    "content_type": 12,
    "codename": "add_categoryimage"
  }
},
{
  "model": "auth.permission",
  "pk": 46,
  "fields": {
    "name": "Can change category image",
    "content_type": 12,
    "codename": "change_categoryimage"
  }
},
{
  "model": "auth.permission",
  "pk": 47,
  "fields": {
    "name": "Can delete category image",
    "content_type": 12,
    "codename": "delete_categoryimage"
  }
},
{
  "model": "auth.permission",
  "pk": 48,
  "fields": {
    "name": "Can view category image",
    "content_type": 12,
    "codename": "view_categoryimage"
  }
},
{
  "model": "auth.permission",
  "pk": 49,
  "fields": {
    "name": "Can add profile",
    "content_type": 13,
    "codename": "add_profile"
  }
},
{
  "model": "auth.permission",
  "pk": 50,
  "fields": {
    "name": "Can change profile",
    "content_type": 13,
    "codename": "change_profile"
  }
},
{
  "model": "auth.permission",
  "pk": 51,
  "fields": {
    "name": "Can delete profile",
    "content_type": 13,
    "codename": "delete_profile"
  }
},
{
  "model": "auth.permission",
  "pk": 52,
  "fields": {
    "name": "Can view profile",
    "content_type": 13,
    "codename": "view_profile"
  }
},
{
  "model": "auth.permission",
  "pk": 53,
  "fields": {
    "name": "Can add avatar",
    "content_type": 14,
    "codename": "add_avatar"
  }
},
{
  "model": "auth.permission",
  "pk": 54,
  "fields": {
    "name": "Can change avatar",
    "content_type": 14,
    "codename": "change_avatar"
  }
},
{
  "model": "auth.permission",
  "pk": 55,
  "fields": {
    "name": "Can delete avatar",
    "content_type": 14,
    "codename": "delete_avatar"
  }
},
{
  "model": "auth.permission",
  "pk": 56,
  "fields": {
    "name": "Can view avatar",
    "content_type": 14,
    "codename": "view_avatar"
  }
},
{
  "model": "auth.permission",
  "pk": 57,
  "fields": {
    "name": "Can add product",
    "content_type": 15,
    "codename": "add_product"
  }
},
{
  "model": "auth.permission",
  "pk": 58,
  "fields": {
    "name": "Can change product",
    "content_type": 15,
    "codename": "change_product"
  }
},
{
  "model": "auth.permission",
  "pk": 59,
  "fields": {
    "name": "Can delete product",
    "content_type": 15,
    "codename": "delete_product"
  }
},
{
  "model": "auth.permission",
  "pk": 60,
  "fields": {
    "name": "Can view product",
    "content_type": 15,
    "codename": "view_product"
  }
},
{
  "model": "auth.permission",
  "pk": 61,
  "fields": {
    "name": "Can add product image",
    "content_type": 16,
    "codename": "add_productimage"
  }
},
{
  "model": "auth.permission",
  "pk": 62,
  "fields": {
    "name": "Can change product image",
    "content_type": 16,
    "codename": "change_productimage"
  }
},
{
  "model": "auth.permission",
  "pk": 63,
  "fields": {
    "name": "Can delete product image",
    "content_type": 16,
    "codename": "delete_productimage"
  }
},
{
  "model": "auth.permission",
  "pk": 64,
  "fields": {
    "name": "Can view product image",
    "content_type": 16,
    "codename": "view_productimage"
  }
},
{
  "model": "auth.permission",
  "pk": 65,
  "fields": {
    "name": "Can add product review",
    "content_type": 17,
    "codename": "add_productreview"
  }
},
{
  "model": "auth.permission",
  "pk": 66,
  "fields": {
    "name": "Can change product review",
    "content_type": 17,
    "codename": "change_productreview"
  }
},
{
  "model": "auth.permission",
  "pk": 67,
  "fields": {
    "name": "Can delete product review",
    "content_type": 17,
    "codename": "delete_productreview"
  }
},
{
  "model": "auth.permission",
  "pk": 68,
  "fields": {
    "name": "Can view product review",
    "content_type": 17,
    "codename": "view_productreview"
  }
},
{
  "model": "auth.permission",
  "pk": 69,
  "fields": {
    "name": "Can add product specifications",
    "content_type": 18,
    "codename": "add_productspecifications"
  }
},
{
  "model": "auth.permission",
  "pk": 70,
  "fields": {
    "name": "Can change product specifications",
    "content_type": 18,
    "codename": "change_productspecifications"
  }
},
{
  "model": "auth.permission",
  "pk": 71,
  "fields": {
    "name": "Can delete product specifications",
    "content_type": 18,
    "codename": "delete_productspecifications"
  }
},
{
  "model": "auth.permission",
  "pk": 72,
  "fields": {
    "name": "Can view product specifications",
    "content_type": 18,
    "codename": "view_productspecifications"
  }
},
{
  "model": "auth.permission",
  "pk": 73,
  "fields": {
    "name": "Can add sales",
    "content_type": 19,
    "codename": "add_sales"
  }
},
{
  "model": "auth.permission",
  "pk": 74,
  "fields": {
    "name": "Can change sales",
    "content_type": 19,
    "codename": "change_sales"
  }
},
{
  "model": "auth.permission",
  "pk": 75,
  "fields": {
    "name": "Can delete sales",
    "content_type": 19,
    "codename": "delete_sales"
  }
},
{
  "model": "auth.permission",
  "pk": 76,
  "fields": {
    "name": "Can view sales",
    "content_type": 19,
    "codename": "view_sales"
  }
},
{
  "model": "auth.permission",
  "pk": 77,
  "fields": {
    "name": "Can add cart",
    "content_type": 20,
    "codename": "add_cart"
  }
},
{
  "model": "auth.permission",
  "pk": 78,
  "fields": {
    "name": "Can change cart",
    "content_type": 20,
    "codename": "change_cart"
  }
},
{
  "model": "auth.permission",
  "pk": 79,
  "fields": {
    "name": "Can delete cart",
    "content_type": 20,
    "codename": "delete_cart"
  }
},
{
  "model": "auth.permission",
  "pk": 80,
  "fields": {
    "name": "Can view cart",
    "content_type": 20,
    "codename": "view_cart"
  }
},
{
  "model": "auth.permission",
  "pk": 81,
  "fields": {
    "name": "Can add cart item",
    "content_type": 21,
    "codename": "add_cartitem"
  }
},
{
  "model": "auth.permission",
  "pk": 82,
  "fields": {
    "name": "Can change cart item",
    "content_type": 21,
    "codename": "change_cartitem"
  }
},
{
  "model": "auth.permission",
  "pk": 83,
  "fields": {
    "name": "Can delete cart item",
    "content_type": 21,
    "codename": "delete_cartitem"
  }
},
{
  "model": "auth.permission",
  "pk": 84,
  "fields": {
    "name": "Can view cart item",
    "content_type": 21,
    "codename": "view_cartitem"
  }
},
{
  "model": "auth.permission",
  "pk": 85,
  "fields": {
    "name": "Can add order",
    "content_type": 22,
    "codename": "add_order"
  }
},
{
  "model": "auth.permission",
  "pk": 86,
  "fields": {
    "name": "Can change order",
    "content_type": 22,
    "codename": "change_order"
  }
},
{
  "model": "auth.permission",
  "pk": 87,
  "fields": {
    "name": "Can delete order",
    "content_type": 22,
    "codename": "delete_order"
  }
},
{
  "model": "auth.permission",
  "pk": 88,
  "fields": {
    "name": "Can view order",
    "content_type": 22,
    "codename": "view_order"
  }
},
{
  "model": "auth.permission",
  "pk": 89,
  "fields": {
    "name": "Can add order item",
    "content_type": 23,
    "codename": "add_orderitem"
  }
},
{
  "model": "auth.permission",
  "pk": 90,
  "fields": {
    "name": "Can change order item",
    "content_type": 23,
    "codename": "change_orderitem"
  }
},
{
  "model": "auth.permission",
  "pk": 91,
  "fields": {
    "name": "Can delete order item",
    "content_type": 23,
    "codename": "delete_orderitem"
  }
},
{
  "model": "auth.permission",
  "pk": 92,
  "fields": {
    "name": "Can view order item",
    "content_type": 23,
    "codename": "view_orderitem"
  }
},
{
  "model": "auth.user",
  "pk": 1,
  "fields": {
    "password": "pbkdf2_sha256$600000$Nf5LqZpF3iuyUIBW05dqIF$TDosFD624bdeOdzOGCltGjSPEQU/NFT97G8LVjHUKGo=",
    "last_login": "2023-09-15T18:03:10.602Z",
    "is_superuser": true,
    "username": "admin",
    "first_name": "",
    "last_name": "",
    "email": "",
    "is_staff": true,
    "is_active": true,
    "date_joined": "2023-07-11T18:15:28.053Z",
    "groups": [],
    "user_permissions": []
  }
},
{
  "model": "auth.user",
  "pk": 9,
  "fields": {
    "password": "pbkdf2_sha256$600000$9tIxBTmg2FYq2By3I4yHg7$UdE4jumpSU6UA01nRTJXmDSig+vUcXCuf6dQ1Mi/H3A=",
    "last_login": "2023-09-15T18:03:56.831Z",
    "is_superuser": false,
    "username": "Aleksey",
    "first_name": "Aleksey",
    "last_name": "",
    "email": "",
    "is_staff": false,
    "is_active": true,
    "date_joined": "2023-09-15T17:19:17.226Z",
    "groups": [],
    "user_permissions": []
  }
},
{
  "model": "contenttypes.contenttype",
  "pk": 1,
  "fields": {
    "app_label": "admin",
    "model": "logentry"
  }
},
{
  "model": "contenttypes.contenttype",
  "pk": 2,
  "fields": {
    "app_label": "auth",
    "model": "permission"
  }
},
{
  "model": "contenttypes.contenttype",
  "pk": 3,
  "fields": {
    "app_label": "auth",
    "model": "group"
  }
},
{
  "model": "contenttypes.contenttype",
  "pk": 4,
  "fields": {
    "app_label": "auth",
    "model": "user"
  }
},
{
  "model": "contenttypes.contenttype",
  "pk": 5,
  "fields": {
    "app_label": "contenttypes",
    "model": "contenttype"
  }
},
{
  "model": "contenttypes.contenttype",
  "pk": 6,
  "fields": {
    "app_label": "sessions",
    "model": "session"
  }
},
{
  "model": "contenttypes.contenttype",
  "pk": 7,
  "fields": {
    "app_label": "authtoken",
    "model": "token"
  }
},
{
  "model": "contenttypes.contenttype",
  "pk": 8,
  "fields": {
    "app_label": "authtoken",
    "model": "tokenproxy"
  }
},
{
  "model": "contenttypes.contenttype",
  "pk": 9,
  "fields": {
    "app_label": "taggit",
    "model": "tag"
  }
},
{
  "model": "contenttypes.contenttype",
  "pk": 10,
  "fields": {
    "app_label": "taggit",
    "model": "taggeditem"
  }
},
{
  "model": "contenttypes.contenttype",
  "pk": 11,
  "fields": {
    "app_label": "api_catalog",
    "model": "category"
  }
},
{
  "model": "contenttypes.contenttype",
  "pk": 12,
  "fields": {
    "app_label": "api_catalog",
    "model": "categoryimage"
  }
},
{
  "model": "contenttypes.contenttype",
  "pk": 13,
  "fields": {
    "app_label": "api_auth",
    "model": "profile"
  }
},
{
  "model": "contenttypes.contenttype",
  "pk": 14,
  "fields": {
    "app_label": "api_auth",
    "model": "avatar"
  }
},
{
  "model": "contenttypes.contenttype",
  "pk": 15,
  "fields": {
    "app_label": "api_catalog",
    "model": "product"
  }
},
{
  "model": "contenttypes.contenttype",
  "pk": 16,
  "fields": {
    "app_label": "api_catalog",
    "model": "productimage"
  }
},
{
  "model": "contenttypes.contenttype",
  "pk": 17,
  "fields": {
    "app_label": "api_catalog",
    "model": "productreview"
  }
},
{
  "model": "contenttypes.contenttype",
  "pk": 18,
  "fields": {
    "app_label": "api_catalog",
    "model": "productspecifications"
  }
},
{
  "model": "contenttypes.contenttype",
  "pk": 19,
  "fields": {
    "app_label": "api_catalog",
    "model": "sales"
  }
},
{
  "model": "contenttypes.contenttype",
  "pk": 20,
  "fields": {
    "app_label": "cart",
    "model": "cart"
  }
},
{
  "model": "contenttypes.contenttype",
  "pk": 21,
  "fields": {
    "app_label": "cart",
    "model": "cartitem"
  }
},
{
  "model": "contenttypes.contenttype",
  "pk": 22,
  "fields": {
    "app_label": "api_order",
    "model": "order"
  }
},
{
  "model": "contenttypes.contenttype",
  "pk": 23,
  "fields": {
    "app_label": "api_order",
    "model": "orderitem"
  }
},
{
  "model": "sessions.session",
  "pk": "0nfu5c9fru0g06vpxme4nl4s2u2q5yhd",
  "fields": {
    "session_data": "e30:1qTnTq:tFludl_-tzE3MsAkNfP4cpvlvzTV7OWleZ3tJTUG0ak",
    "expire_date": "2023-08-23T18:00:22.326Z"
  }
},
{
  "model": "sessions.session",
  "pk": "1gc11ip89rjtm8guxwjp0m2rv7hzwd2h",
  "fields": {
    "session_data": "e30:1qglmA:j-l2m_13H4P8PxfmkkRTegroJ9Zw6jVKpPYa2ZHueTo",
    "expire_date": "2023-09-28T12:48:54.797Z"
  }
},
{
  "model": "sessions.session",
  "pk": "1pgts4h8149n0q3j45rd6kpp6e0isncq",
  "fields": {
    "session_data": ".eJxVjEEOwiAQRe_C2pCOMENx6b5nIANDpWpoUtqV8e7apAvd_vfef6nA21rC1vISJlEXBer0u0VOj1x3IHeut1mnua7LFPWu6IM2PcySn9fD_Tso3Mq3dlG87Zw7O3J98h4RIApY6B2lZKyhzhDYzEKMMGZkMAnj6JGiEe_V-wOxQjb0:1qU9Kl:lsD1GxrTRayQKtEVVeo8LKBg4VJjri6l9UjR8R7z2bA",
    "expire_date": "2023-08-24T17:20:27.045Z"
  }
},
{
  "model": "sessions.session",
  "pk": "2c0zrvjs58uy5xfuh3rhj8er29bpmjqg",
  "fields": {
    "session_data": "e30:1qhA2X:JAXWmys1cc1nV1rSGvSuPNEIQmGzo_UoivRKeiUq9m0",
    "expire_date": "2023-09-29T14:43:25.350Z"
  }
},
{
  "model": "sessions.session",
  "pk": "48hvjb0eoallmv6x80l1g3dc59ruan4z",
  "fields": {
    "session_data": "e30:1qh5NC:qdfXigDfPJ2X69xokW4pIaJ47nX_KrvXm-L5ERLeSnU",
    "expire_date": "2023-09-29T09:44:26.889Z"
  }
},
{
  "model": "sessions.session",
  "pk": "54blxgcgc0s7rrlll8beebb7mp8ad7z2",
  "fields": {
    "session_data": "e30:1qgkxT:xuEClpXQrJ5gd-paD-lTFfNjFfbZnMGnMq0gEgBYpis",
    "expire_date": "2023-09-28T11:56:31.542Z"
  }
},
{
  "model": "sessions.session",
  "pk": "7sdqiw27qcepninxs7i8fe7d36zxcupe",
  "fields": {
    "session_data": "e30:1qh6FE:t_ZKexLPj-SQF5qShW9kPodcRIp11N-PRoOdNmfKtYE",
    "expire_date": "2023-09-29T10:40:16.549Z"
  }
},
{
  "model": "sessions.session",
  "pk": "83fzr4en66040amj37m5pt6rf7t1zbv0",
  "fields": {
    "session_data": ".eJxVjM0OwiAQhN-FsyHCsvx49O4zkAW2UjU0Ke3J-O62SQ86x_m-mbeItC41rp3nOBZxESBOv12i_OS2g_Kgdp9kntoyj0nuijxol7ep8Ot6uH8HlXrd1raEAME7Q5ZTcgCeB2ZV1BaLBRVaPA_KOsgK0TFoo5nQgkajfTDi8wXEvjZk:1qbl2w:SM0z_WRJQ2M5Ne4gohyhcDCTClDO318DuhbwkiWxIRs",
    "expire_date": "2023-09-14T17:01:30.122Z"
  }
},
{
  "model": "sessions.session",
  "pk": "8j9e9m8hza1jlgv784udu2qxd2gah8n9",
  "fields": {
    "session_data": "e30:1qh5Hc:rTqR-oNfK5ZPb-nuQ1LI9qD0DiYDYKp00HE-uC1iQj4",
    "expire_date": "2023-09-29T09:38:40.478Z"
  }
},
{
  "model": "sessions.session",
  "pk": "apclzeyfdpbuubemea2dkcz8lxwey9me",
  "fields": {
    "session_data": ".eJxVjEEOwiAQRe_C2pCOMENx6b5nIANDpWpoUtqV8e7apAvd_vfef6nA21rC1vISJlEXBer0u0VOj1x3IHeut1mnua7LFPWu6IM2PcySn9fD_Tso3Mq3dlG87Zw7O3J98h4RIApY6B2lZKyhzhDYzEKMMGZkMAnj6JGiEe_V-wOxQjb0:1qQQOe:pV6QjwuEHiqh3pSRXuqASfjMyEOOlEKY_e6WFV7U4-E",
    "expire_date": "2023-08-14T10:45:04.398Z"
  }
},
{
  "model": "sessions.session",
  "pk": "ayzsdk1k7na8e934u8dsmp46ulsbwdtt",
  "fields": {
    "session_data": "e30:1qU1DA:xUUSgKv8BNfZGF4Z0ngaTSUdaJO0onDV6_WhuLFl5F4",
    "expire_date": "2023-08-24T08:40:04.197Z"
  }
},
{
  "model": "sessions.session",
  "pk": "bp8wkg75d05jmewl3cxyrx86ikhxt73u",
  "fields": {
    "session_data": "e30:1qgkgP:Imzvmrf6C5rFy97bqXsLH6XN5G1DNl0C-B2eB44chxM",
    "expire_date": "2023-09-28T11:38:53.973Z"
  }
},
{
  "model": "sessions.session",
  "pk": "cq9t4q0grm4np1d7z97oni0kf6g1y4md",
  "fields": {
    "session_data": "e30:1qTnP8:UOJ3h9Q7KqrfYIYee8s0lVHXHZCHS5FxuvWD0vhhMgg",
    "expire_date": "2023-08-23T17:55:30.231Z"
  }
},
{
  "model": "sessions.session",
  "pk": "dss75og8tmb8t791l6ugj3k0dmz80j23",
  "fields": {
    "session_data": "e30:1qTnR5:EYf3mxS0DdemiaEkxNqiamf5FFmord-mLyAwK0zPZQ8",
    "expire_date": "2023-08-23T17:57:31.355Z"
  }
},
{
  "model": "sessions.session",
  "pk": "fp6027jo5y93562buj7uh441te7yph3x",
  "fields": {
    "session_data": ".eJxVjMsOwiAQRf-FtSGFQR4u3fcbyMxApWogKe3K-O_apAvd3nPOfYmI21ri1vMS5yQuQovT70bIj1x3kO5Yb01yq-syk9wVedAux5by83q4fwcFe_nWyI6sV8YaYE88IRP6ELSxg1IZAQOoBIAAySjipHHyWg3aWcwGzk68P-tvN7Y:1qUpui:vljzjb3DggTRSgTXiihZtTejpoY0RMh4qERKfzo5bJ0",
    "expire_date": "2023-08-26T14:48:24.350Z"
  }
},
{
  "model": "sessions.session",
  "pk": "gbgl94f8v3h05c13kopah924ms1ecfbu",
  "fields": {
    "session_data": "e30:1qh6Ba:84OOfNWrPXgLEzLOJeVWxz5SZTfVyv58ydVyDV3kOqQ",
    "expire_date": "2023-09-29T10:36:30.822Z"
  }
},
{
  "model": "sessions.session",
  "pk": "ghp5aj93jr5c7h4tdwr8nxxsd8ecicm8",
  "fields": {
    "session_data": "e30:1qh5Cr:cZQqcwnY7j4idphpVagWh6kHJ0NR9JX4XPRqsE5OmfU",
    "expire_date": "2023-09-29T09:33:45.655Z"
  }
},
{
  "model": "sessions.session",
  "pk": "hak3u069soz76h9sevpf0sughewne1i9",
  "fields": {
    "session_data": "e30:1qgkjU:TT-rpRNfFsdcvr-bE2HJ2_m2GFyhW7eZmZVXwg6MDU4",
    "expire_date": "2023-09-28T11:42:04.561Z"
  }
},
{
  "model": "sessions.session",
  "pk": "inml6hfvo3mfjs9huksvtfb1q71swrma",
  "fields": {
    "session_data": ".eJxVjEEOwiAQRe_C2pCOMENx6b5nIANDpWpoUtqV8e7apAvd_vfef6nA21rC1vISJlEXBer0u0VOj1x3IHeut1mnua7LFPWu6IM2PcySn9fD_Tso3Mq3dlG87Zw7O3J98h4RIApY6B2lZKyhzhDYzEKMMGZkMAnj6JGiEe_V-wOxQjb0:1qToBS:GuXUlQRRikHtPewS0SfCjShOgASzCr6Ixw6eyTC7lyU",
    "expire_date": "2023-08-23T18:45:26.317Z"
  }
},
{
  "model": "sessions.session",
  "pk": "io8kkeqiuuqugfnnt7wn7bdg7qeuv1zz",
  "fields": {
    "session_data": ".eJxVjDsOwjAQBe_iGlnO4ti7lPQ5g7XrDw6gRIqTCnF3iJQC2jcz76UCb2sNW8tLGJO6KFKn3004PvK0g3Tn6TbrOE_rMoreFX3Qpoc55ef1cP8OKrf6rcVGwJjIdgwsuSB6Z3zGYs-FCpGgZ-ijkwKmd9gBWkPi0HkAIiPq_QHsjjc_:1qhDAa:mUd8p0lsKrSIsFoTXZib_B-Tp5oih6Nk1V_0VAfKrIU",
    "expire_date": "2023-09-29T18:03:56.844Z"
  }
},
{
  "model": "sessions.session",
  "pk": "ki8er2agu2nsp9j2e2ywgv2sw1orciwt",
  "fields": {
    "session_data": "e30:1qh5ZZ:Ml5CUO3oIrAKvOV3252wB_rrjgvFC_bzPbMwVab5NtQ",
    "expire_date": "2023-09-29T09:57:13.996Z"
  }
},
{
  "model": "sessions.session",
  "pk": "ksvdfmfk1dbt21ztyv3rne1qag58xs4b",
  "fields": {
    "session_data": ".eJxVjEEOwiAQRe_C2pCOMENx6b5nIANDpWpoUtqV8e7apAvd_vfef6nA21rC1vISJlEXBer0u0VOj1x3IHeut1mnua7LFPWu6IM2PcySn9fD_Tso3Mq3dlG87Zw7O3J98h4RIApY6B2lZKyhzhDYzEKMMGZkMAnj6JGiEe_V-wOxQjb0:1qhB6A:uQQridzdVNb7G2UmVi90XVnu862jIVw0u5BFBMOQfMQ",
    "expire_date": "2023-09-29T15:51:14.467Z"
  }
},
{
  "model": "sessions.session",
  "pk": "mfsqueijnx7tm3js4puwbh1smt57lvsj",
  "fields": {
    "session_data": "e30:1qhA28:gCRkJwQdqNkIixKi46nfwW8E1lQzwNuRO9ZoHT-ATGk",
    "expire_date": "2023-09-29T14:43:00.573Z"
  }
},
{
  "model": "sessions.session",
  "pk": "nducb003mkibvmkrtig5da1n6ex8w776",
  "fields": {
    "session_data": "e30:1qTnTr:-CghTGWKPwEDmYjDahJKNP3ooQ2Wn57ZaISQJ0lqbVs",
    "expire_date": "2023-08-23T18:00:23.673Z"
  }
},
{
  "model": "sessions.session",
  "pk": "numzp8zto7zvddz3rfn4ngnngo3kjwf1",
  "fields": {
    "session_data": "e30:1qhAAf:Z31kBZV_miDHd7B9j5o5kMx9rwYHilfdG4kB2IxfFdE",
    "expire_date": "2023-09-29T14:51:49.879Z"
  }
},
{
  "model": "sessions.session",
  "pk": "o6qs9pvcvykia93k8mt7f6tkofogzz8h",
  "fields": {
    "session_data": "e30:1qh5CS:5A99wt6cQ5V66lx4mH7Z8rWmzikEJr9eUf7_4jl9WhA",
    "expire_date": "2023-09-29T09:33:20.848Z"
  }
},
{
  "model": "sessions.session",
  "pk": "qevi1o2vloneukexseygwq2aaf14nvuz",
  "fields": {
    "session_data": "e30:1qhA3v:cAK9PoYEhfkGjPGzvlXNtGWfhgYhUExYhw-Qw-0i7lY",
    "expire_date": "2023-09-29T14:44:51.774Z"
  }
},
{
  "model": "sessions.session",
  "pk": "qiuwldxxzq1lemus55vbvh6tvr6qpcwk",
  "fields": {
    "session_data": "e30:1qh6FN:dE9mSHw5Y5WQXGsoV3a5aa4EUzazHQ762xVccTzM5Gc",
    "expire_date": "2023-09-29T10:40:25.874Z"
  }
},
{
  "model": "sessions.session",
  "pk": "qtr34unc7be8cae12pfeyi4vfhgyuqwp",
  "fields": {
    "session_data": "e30:1qhA4Z:V4h64zBm7zGjEPJ4YX_2AfbN9dQ-ove6maecGmLPao0",
    "expire_date": "2023-09-29T14:45:31.027Z"
  }
},
{
  "model": "sessions.session",
  "pk": "t2yvbwui6si4ckyrbainmfo01k3xdrrt",
  "fields": {
    "session_data": ".eJxVjEEOwiAQRe_C2pCOMENx6b5nIANDpWpoUtqV8e7apAvd_vfef6nA21rC1vISJlEXBer0u0VOj1x3IHeut1mnua7LFPWu6IM2PcySn9fD_Tso3Mq3dlG87Zw7O3J98h4RIApY6B2lZKyhzhDYzEKMMGZkMAnj6JGiEe_V-wOxQjb0:1qglmS:8PU5nc7qWxcDprgPLczOyNBpGjQlv5AuolIfO0XFJ5Y",
    "expire_date": "2023-09-28T12:49:12.949Z"
  }
},
{
  "model": "sessions.session",
  "pk": "uxbcfmixxtsp7l2j2rinzv9du8l5woit",
  "fields": {
    "session_data": "e30:1qh5Ro:H1xcP19LwOKgaqCk4c8cnH5cp529zq5QgJGG7OiCGWE",
    "expire_date": "2023-09-29T09:49:12.982Z"
  }
},
{
  "model": "sessions.session",
  "pk": "uzffk1e0zf4y8jjpxcklolenc11iea28",
  "fields": {
    "session_data": "e30:1qhA8I:ogKevsz5y6yjOgfNKFyAzwVqeFk_YVKE2wMqlhph6yQ",
    "expire_date": "2023-09-29T14:49:22.442Z"
  }
},
{
  "model": "sessions.session",
  "pk": "v3thzobayupw9u7czrvjom8jxi3d3bij",
  "fields": {
    "session_data": "e30:1qgjOq:FkoK5ySmDy26nzAx7BYQ79kHKyex-5Azo4RWzpIubLg",
    "expire_date": "2023-09-28T10:16:40.705Z"
  }
},
{
  "model": "sessions.session",
  "pk": "vislcz5d2whhbnxeo2fcg0oc8fw11g7i",
  "fields": {
    "session_data": ".eJxVjEEOwiAQRe_C2pCOMENx6b5nIANDpWpoUtqV8e7apAvd_vfef6nA21rC1vISJlEXBer0u0VOj1x3IHeut1mnua7LFPWu6IM2PcySn9fD_Tso3Mq3dlG87Zw7O3J98h4RIApY6B2lZKyhzhDYzEKMMGZkMAnj6JGiEe_V-wOxQjb0:1qL51j:m6-QgYyG99YkePYn58Cw8RVcxbdc51tN0dQJW5XHTbI",
    "expire_date": "2023-07-30T16:55:19.165Z"
  }
},
{
  "model": "sessions.session",
  "pk": "wdfl710co9k3u70gycme2j4qryck2jaj",
  "fields": {
    "session_data": "e30:1qh9zm:qRHXO9aboQ2wXXlGfRE8eVIhZCs3dKwneLsH-FkANMc",
    "expire_date": "2023-09-29T14:40:34.944Z"
  }
},
{
  "model": "sessions.session",
  "pk": "xfnovstknuhbuaozyhvf03xskwqax39s",
  "fields": {
    "session_data": "e30:1qTnTu:fX0-wWbDHjtMZswMVqBo7H9QyViFxk3dmcTyjjFXeRs",
    "expire_date": "2023-08-23T18:00:26.268Z"
  }
},
{
  "model": "sessions.session",
  "pk": "xnlrzxj7tbu8dhuzwereyp1iz0784dc5",
  "fields": {
    "session_data": "e30:1qbTiW:Ln0puDvGKmgpjI7K2Xwpxj8CFnJW0KOnApFsTwx_nX8",
    "expire_date": "2023-09-13T22:31:16.462Z"
  }
},
{
  "model": "taggit.tag",
  "pk": 1,
  "fields": {
    "name": "компьютер",
    "slug": "компьютер"
  }
},
{
  "model": "taggit.tag",
  "pk": 2,
  "fields": {
    "name": "apple",
    "slug": "apple"
  }
},
{
  "model": "taggit.tag",
  "pk": 7,
  "fields": {
    "name": "айфон",
    "slug": "айфон"
  }
},
{
  "model": "taggit.tag",
  "pk": 8,
  "fields": {
    "name": "iPhone",
    "slug": "iphone"
  }
},
{
  "model": "taggit.tag",
  "pk": 9,
  "fields": {
    "name": "часы",
    "slug": "часы"
  }
},
{
  "model": "taggit.tag",
  "pk": 10,
  "fields": {
    "name": "телефон",
    "slug": "телефон"
  }
},
{
  "model": "taggit.tag",
  "pk": 12,
  "fields": {
    "name": "ноутбук",
    "slug": "ноутбук"
  }
},
{
  "model": "taggit.tag",
  "pk": 13,
  "fields": {
    "name": "монитор",
    "slug": "монитор"
  }
},
{
  "model": "taggit.tag",
  "pk": 14,
  "fields": {
    "name": "samsung",
    "slug": "samsung"
  }
},
{
  "model": "taggit.tag",
  "pk": 16,
  "fields": {
    "name": "Macbook",
    "slug": "macbook"
  }
},
{
  "model": "taggit.tag",
  "pk": 17,
  "fields": {
    "name": "макбук",
    "slug": "макбук"
  }
},
{
  "model": "taggit.tag",
  "pk": 18,
  "fields": {
    "name": "игры",
    "slug": "игры"
  }
},
{
  "model": "taggit.taggeditem",
  "pk": 3,
  "fields": {
    "tag": 13,
    "content_type": 15,
    "object_id": 1
  }
},
{
  "model": "taggit.taggeditem",
  "pk": 4,
  "fields": {
    "tag": 14,
    "content_type": 15,
    "object_id": 1
  }
},
{
  "model": "taggit.taggeditem",
  "pk": 5,
  "fields": {
    "tag": 8,
    "content_type": 15,
    "object_id": 2
  }
},
{
  "model": "taggit.taggeditem",
  "pk": 6,
  "fields": {
    "tag": 2,
    "content_type": 15,
    "object_id": 2
  }
},
{
  "model": "taggit.taggeditem",
  "pk": 7,
  "fields": {
    "tag": 10,
    "content_type": 15,
    "object_id": 2
  }
},
{
  "model": "taggit.taggeditem",
  "pk": 8,
  "fields": {
    "tag": 7,
    "content_type": 15,
    "object_id": 2
  }
},
{
  "model": "taggit.taggeditem",
  "pk": 9,
  "fields": {
    "tag": 13,
    "content_type": 15,
    "object_id": 3
  }
},
{
  "model": "taggit.taggeditem",
  "pk": 11,
  "fields": {
    "tag": 9,
    "content_type": 15,
    "object_id": 4
  }
},
{
  "model": "taggit.taggeditem",
  "pk": 12,
  "fields": {
    "tag": 2,
    "content_type": 15,
    "object_id": 4
  }
},
{
  "model": "taggit.taggeditem",
  "pk": 14,
  "fields": {
    "tag": 16,
    "content_type": 15,
    "object_id": 5
  }
},
{
  "model": "taggit.taggeditem",
  "pk": 15,
  "fields": {
    "tag": 17,
    "content_type": 15,
    "object_id": 5
  }
},
{
  "model": "taggit.taggeditem",
  "pk": 16,
  "fields": {
    "tag": 2,
    "content_type": 15,
    "object_id": 5
  }
},
{
  "model": "taggit.taggeditem",
  "pk": 17,
  "fields": {
    "tag": 1,
    "content_type": 15,
    "object_id": 1
  }
},
{
  "model": "taggit.taggeditem",
  "pk": 18,
  "fields": {
    "tag": 12,
    "content_type": 15,
    "object_id": 5
  }
},
{
  "model": "taggit.taggeditem",
  "pk": 19,
  "fields": {
    "tag": 18,
    "content_type": 15,
    "object_id": 1
  }
},
{
  "model": "taggit.taggeditem",
  "pk": 20,
  "fields": {
    "tag": 18,
    "content_type": 15,
    "object_id": 3
  }
},
{
  "model": "api_auth.profile",
  "pk": 1,
  "fields": {
    "user": 1,
    "fullName": null,
    "phone": null,
    "second_email": null,
    "balance": null
  }
},
{
  "model": "api_auth.profile",
  "pk": 9,
  "fields": {
    "user": 9,
    "fullName": "Алексей Кузнецов",
    "phone": "+79991234567",
    "second_email": "admin@test.ru",
    "balance": null
  }
},
{
  "model": "api_auth.avatar",
  "pk": 6,
  "fields": {
    "user": 9,
    "src": "users/user_9/avatar/Aleksiy.png",
    "alt": ""
  }
},
{
  "model": "api_catalog.category",
  "pk": 1,
  "fields": {
    "title": "Компьютерная техника",
    "categories": null
  }
},
{
  "model": "api_catalog.category",
  "pk": 2,
  "fields": {
    "title": "Видеокарты",
    "categories": 1
  }
},
{
  "model": "api_catalog.category",
  "pk": 3,
  "fields": {
    "title": "Процессоры",
    "categories": 1
  }
},
{
  "model": "api_catalog.category",
  "pk": 4,
  "fields": {
    "title": "Продукция Apple",
    "categories": null
  }
},
{
  "model": "api_catalog.category",
  "pk": 5,
  "fields": {
    "title": "Apple watch",
    "categories": 4
  }
},
{
  "model": "api_catalog.category",
  "pk": 6,
  "fields": {
    "title": "Блоки питания",
    "categories": 1
  }
},
{
  "model": "api_catalog.category",
  "pk": 7,
  "fields": {
    "title": "Macbooks",
    "categories": 4
  }
},
{
  "model": "api_catalog.category",
  "pk": 8,
  "fields": {
    "title": "Iphone",
    "categories": 4
  }
},
{
  "model": "api_catalog.category",
  "pk": 9,
  "fields": {
    "title": "Мониторы",
    "categories": 1
  }
},
{
  "model": "api_catalog.categoryimage",
  "pk": 1,
  "fields": {
    "src": "categories/category_1/img/computers.jpg",
    "alt": "Компьютеры",
    "category": 1
  }
},
{
  "model": "api_catalog.categoryimage",
  "pk": 2,
  "fields": {
    "src": "categories/category_2/img/videocart.jpg",
    "alt": "Видеокарты",
    "category": 2
  }
},
{
  "model": "api_catalog.categoryimage",
  "pk": 3,
  "fields": {
    "src": "categories/category_3/img/processors.jpg",
    "alt": "Процессоры",
    "category": 3
  }
},
{
  "model": "api_catalog.categoryimage",
  "pk": 4,
  "fields": {
    "src": "categories/category_4/img/apple.jpg",
    "alt": "Apple",
    "category": 4
  }
},
{
  "model": "api_catalog.categoryimage",
  "pk": 5,
  "fields": {
    "src": "categories/category_5/img/apple_watch.jpg",
    "alt": "Apple watch",
    "category": 5
  }
},
{
  "model": "api_catalog.categoryimage",
  "pk": 6,
  "fields": {
    "src": "categories/category_6/img/block_pitaniy.jpg",
    "alt": "Блоки питания",
    "category": 6
  }
},
{
  "model": "api_catalog.categoryimage",
  "pk": 7,
  "fields": {
    "src": "categories/category_7/img/mac_book.jpg",
    "alt": "Макбуки",
    "category": 7
  }
},
{
  "model": "api_catalog.categoryimage",
  "pk": 8,
  "fields": {
    "src": "categories/category_8/img/ajfon-14.jpg",
    "alt": "Изображение IPhone 14",
    "category": 8
  }
},
{
  "model": "api_catalog.categoryimage",
  "pk": 9,
  "fields": {
    "src": "categories/category_9/img/Монитор.png",
    "alt": "монитор",
    "category": 9
  }
},
{
  "model": "api_catalog.product",
  "pk": 1,
  "fields": {
    "category": 9,
    "price": "900.00",
    "count": 20,
    "date": "2023-07-17T15:30:13.422Z",
    "available": true,
    "title": "Монитор",
    "description": "Отличный монитор для игр.",
    "fullDescription": "23.5″ Монитор Samsung C24RG50FQI [LC24RG50FQIXCI] специально сделан для тех, кто любит играть на компьютере в разные игры. Для большего комфорта во время игр или просмотра фильмов монитор сделан в изогнутой форме. Такая форма обеспечивает полное погружение в игру, так как и края, и центр монитора расположены под оптимальным для глаза углом. А VA-матрица с LED-подсветкой предполагает минимальное время оклика (4 мс), что немаловажно для динамичных игр, так как исключает любое торможение кадров.",
    "freeDelivery": false,
    "rating": "5.00",
    "reviews_count": 0,
    "salePrice": "300.00",
    "dateFrom": "2023-08-01T00:00:00Z",
    "dateTo": "2023-08-31T00:00:00Z",
    "discount": true
  }
},
{
  "model": "api_catalog.product",
  "pk": 2,
  "fields": {
    "category": 8,
    "price": "599.00",
    "count": 9,
    "date": "2023-07-17T15:44:00.474Z",
    "available": true,
    "title": "IPhone 14",
    "description": "Хороший телефон.",
    "fullDescription": "Серия\r\niPhone 14 Pro Max\r\nДиагональ экрана, дюймы 1\r\n6.7\"\r\nВстроенная память, ГБ\r\n128 Гб\r\nРазрешение фронтальной камеры Мпикс\r\n12 Мп\r\nРазъем для зарядки 2\r\nLightning 8-pin\r\nРазъем для наушников/микрофона 2\r\nLightning 8-pin\r\nФормат видеосъемки\r\nHD, Full HD, Ultra HD 4K\r\nПоддержка беспроводной зарядки\r\nДа",
    "freeDelivery": false,
    "rating": "4.50",
    "reviews_count": 0,
    "salePrice": "399.00",
    "dateFrom": "2023-08-01T00:00:00Z",
    "dateTo": "2023-08-31T00:00:00Z",
    "discount": true
  }
},
{
  "model": "api_catalog.product",
  "pk": 3,
  "fields": {
    "category": 9,
    "price": "799.00",
    "count": 20,
    "date": "2023-07-24T14:39:03.873Z",
    "available": true,
    "title": "Новый монитор",
    "description": "Отличный монитор",
    "fullDescription": "Прекрасный новый монитор для долгой игры за компьютером.",
    "freeDelivery": false,
    "rating": "0.00",
    "reviews_count": 0,
    "salePrice": null,
    "dateFrom": null,
    "dateTo": null,
    "discount": false
  }
},
{
  "model": "api_catalog.product",
  "pk": 4,
  "fields": {
    "category": 5,
    "price": "479.00",
    "count": 9,
    "date": "2023-07-31T19:39:28.573Z",
    "available": true,
    "title": "Смарт-часы Apple Watch Series 8 45мм Aluminium M/L сияющая звезда",
    "description": "Отличные часы",
    "fullDescription": "Прекрасные часы для отслеживания спортивных достижений.",
    "freeDelivery": true,
    "rating": "4.00",
    "reviews_count": 0,
    "salePrice": "389.00",
    "dateFrom": "2023-08-01T00:00:00Z",
    "dateTo": "2023-08-31T00:00:00Z",
    "discount": true
  }
},
{
  "model": "api_catalog.product",
  "pk": 5,
  "fields": {
    "category": 7,
    "price": "1299.00",
    "count": 20,
    "date": "2023-09-13T07:21:13.235Z",
    "available": true,
    "title": "Макбук AIR PRO",
    "description": "Отличный ноутбук для работы",
    "fullDescription": "Замечательный ноутбук для работы",
    "freeDelivery": true,
    "rating": "3.67",
    "reviews_count": 0,
    "salePrice": null,
    "dateFrom": "2023-09-13T07:20:39Z",
    "dateTo": null,
    "discount": false
  }
},
{
  "model": "api_catalog.productimage",
  "pk": 1,
  "fields": {
    "src": "products/product_1/img/Монитор_Samsung_C24RG50FQI_черный_2.jpg",
    "alt": "Фронтальное изображение монитора.",
    "product": 1
  }
},
{
  "model": "api_catalog.productimage",
  "pk": 2,
  "fields": {
    "src": "products/product_1/img/Монитор_Samsung_C24RG50FQI_черный_2_SHojhSy.jpg",
    "alt": "Изображение монитора с задней стороны.",
    "product": 1
  }
},
{
  "model": "api_catalog.productimage",
  "pk": 3,
  "fields": {
    "src": "products/product_2/img/iPhone_14_4.jpeg",
    "alt": "Изображение айфона 1.",
    "product": 2
  }
},
{
  "model": "api_catalog.productimage",
  "pk": 4,
  "fields": {
    "src": "products/product_2/img/iPhone_14_3.jpeg",
    "alt": "Изображение камеры айфона.",
    "product": 2
  }
},
{
  "model": "api_catalog.productimage",
  "pk": 5,
  "fields": {
    "src": "products/product_2/img/iPhone_14_2.jpeg",
    "alt": "Изображение экрана айфона.",
    "product": 2
  }
},
{
  "model": "api_catalog.productimage",
  "pk": 6,
  "fields": {
    "src": "products/product_3/img/новый_монитор.webp",
    "alt": "Новый монитор",
    "product": 3
  }
},
{
  "model": "api_catalog.productimage",
  "pk": 7,
  "fields": {
    "src": "products/product_4/img/apple_watch_1.jpg",
    "alt": "часы",
    "product": 4
  }
},
{
  "model": "api_catalog.productimage",
  "pk": 8,
  "fields": {
    "src": "products/product_4/img/apple_watch_2.jpg",
    "alt": "часы",
    "product": 4
  }
},
{
  "model": "api_catalog.productimage",
  "pk": 9,
  "fields": {
    "src": "products/product_4/img/apple_watch_3.jpg",
    "alt": "часы",
    "product": 4
  }
},
{
  "model": "api_catalog.productimage",
  "pk": 10,
  "fields": {
    "src": "products/product_5/img/air.jpg",
    "alt": "Изображение макбука",
    "product": 5
  }
},
{
  "model": "api_catalog.productimage",
  "pk": 11,
  "fields": {
    "src": "products/product_5/img/Мак_бук.jpg",
    "alt": "Изображение макбука",
    "product": 5
  }
},
{
  "model": "api_catalog.productreview",
  "pk": 1,
  "fields": {
    "user": 1,
    "author": "admin",
    "email": "test@mail.com",
    "text": "Отличный монитор!",
    "rate": 5,
    "date": "2023-07-17T17:57:56.553Z",
    "product": 1
  }
},
{
  "model": "api_catalog.productreview",
  "pk": 2,
  "fields": {
    "user": 1,
    "author": "admin",
    "email": "test_2@mail.com",
    "text": "Прекрасный монитор!",
    "rate": 5,
    "date": "2023-07-17T17:58:13.596Z",
    "product": 1
  }
},
{
  "model": "api_catalog.productreview",
  "pk": 3,
  "fields": {
    "user": 1,
    "author": "admin",
    "email": "test@mail.com",
    "text": "Мобила что надо!",
    "rate": 5,
    "date": "2023-07-18T09:12:11.464Z",
    "product": 2
  }
},
{
  "model": "api_catalog.productreview",
  "pk": 4,
  "fields": {
    "user": 1,
    "author": "admin",
    "email": "test_2@mail.com",
    "text": "Хороший телефон",
    "rate": 5,
    "date": "2023-07-18T09:13:36.921Z",
    "product": 2
  }
},
{
  "model": "api_catalog.productreview",
  "pk": 5,
  "fields": {
    "user": 1,
    "author": "admin",
    "email": "test_2@mail.com",
    "text": "Огонь мобила",
    "rate": 5,
    "date": "2023-07-18T09:16:21.342Z",
    "product": 2
  }
},
{
  "model": "api_catalog.productreview",
  "pk": 6,
  "fields": {
    "user": 1,
    "author": "admin",
    "email": "test@mail.com",
    "text": "Огонь Iphone",
    "rate": 5,
    "date": "2023-07-18T09:19:43.613Z",
    "product": 2
  }
},
{
  "model": "api_catalog.productreview",
  "pk": 7,
  "fields": {
    "user": 1,
    "author": "Алексей",
    "email": "test@mail.com",
    "text": "Огонь монитор",
    "rate": 5,
    "date": "2023-07-18T11:59:08.030Z",
    "product": 1
  }
},
{
  "model": "api_catalog.productreview",
  "pk": 8,
  "fields": {
    "user": 1,
    "author": "Aleksey",
    "email": "test_2@mail.com",
    "text": "Прекрасный монитор",
    "rate": 5,
    "date": "2023-07-18T12:00:46.928Z",
    "product": 1
  }
},
{
  "model": "api_catalog.productreview",
  "pk": 9,
  "fields": {
    "user": 1,
    "author": "admin",
    "email": "test_2@mail.com",
    "text": "Хороший монитор",
    "rate": 5,
    "date": "2023-07-18T12:12:32.915Z",
    "product": 1
  }
},
{
  "model": "api_catalog.productreview",
  "pk": 10,
  "fields": {
    "user": 1,
    "author": "admin",
    "email": "test@mail.com",
    "text": "Хороший монитор",
    "rate": 5,
    "date": "2023-07-18T13:48:55.288Z",
    "product": 1
  }
},
{
  "model": "api_catalog.productreview",
  "pk": 11,
  "fields": {
    "user": 1,
    "author": "admin",
    "email": "test_2@mail.com",
    "text": "Плохой монитор",
    "rate": 1,
    "date": "2023-07-20T08:46:45.171Z",
    "product": 1
  }
},
{
  "model": "api_catalog.productreview",
  "pk": 12,
  "fields": {
    "user": 1,
    "author": "admin",
    "email": "test_2@mail.com",
    "text": "Хороший монитор",
    "rate": 3,
    "date": "2023-07-20T08:48:27.197Z",
    "product": 1
  }
},
{
  "model": "api_catalog.productreview",
  "pk": 13,
  "fields": {
    "user": 1,
    "author": "",
    "email": "",
    "text": "",
    "rate": 1,
    "date": "2023-09-13T07:22:33.160Z",
    "product": 5
  }
},
{
  "model": "api_catalog.productreview",
  "pk": 14,
  "fields": {
    "user": 9,
    "author": "Aleksey",
    "email": "aleksey@test.ru",
    "text": "Супер модель",
    "rate": 5,
    "date": "2023-09-15T17:20:54.216Z",
    "product": 5
  }
},
{
  "model": "api_catalog.productreview",
  "pk": 15,
  "fields": {
    "user": 9,
    "author": "Алексей",
    "email": "aleksey@test.ru",
    "text": "Прекрасный ноутбук",
    "rate": 5,
    "date": "2023-09-15T17:24:50.380Z",
    "product": 5
  }
},
{
  "model": "api_catalog.productreview",
  "pk": 16,
  "fields": {
    "user": 9,
    "author": "Алексей Кузнецов",
    "email": "aleksey@test.ru",
    "text": "Супер часы для бегунов.",
    "rate": 4,
    "date": "2023-09-15T17:26:54.147Z",
    "product": 4
  }
},
{
  "model": "api_catalog.productspecifications",
  "pk": 1,
  "fields": {
    "product": 1,
    "name": "Диагональ",
    "value": "23.5"
  }
},
{
  "model": "api_catalog.productspecifications",
  "pk": 2,
  "fields": {
    "product": 1,
    "name": "Частота обновления экрана",
    "value": "144Гц"
  }
},
{
  "model": "cart.cart",
  "pk": 1,
  "fields": {
    "user": null,
    "created": "2023-09-15T16:46:28.422Z",
    "session_key": "jenny4ny6y9gtysevrfgb3a7zzvc0prm"
  }
},
{
  "model": "cart.cart",
  "pk": 41,
  "fields": {
    "user": 1,
    "created": "2023-08-10T15:30:25.388Z",
    "session_key": "m6yioax2cwv87jhu6w0umpe2wst42q6u"
  }
},
{
  "model": "cart.cart",
  "pk": 45,
  "fields": {
    "user": null,
    "created": "2023-08-11T20:15:31.226Z",
    "session_key": "ce1oggdlj0aekjqyutb2k6aaesodx1dl"
  }
},
{
  "model": "cart.cart",
  "pk": 46,
  "fields": {
    "user": null,
    "created": "2023-08-12T14:21:49.605Z",
    "session_key": "il3mcr6sfbxsmeeycvt8woldexcsgezy"
  }
},
{
  "model": "cart.cart",
  "pk": 47,
  "fields": {
    "user": null,
    "created": "2023-08-12T14:29:49.042Z",
    "session_key": "beqb87rbjm80jhpcpz8vawswxb08n3zj"
  }
},
{
  "model": "cart.cart",
  "pk": 48,
  "fields": {
    "user": null,
    "created": "2023-08-12T14:48:04.043Z",
    "session_key": "zx5ivjnd5b52uoqyc99beu1bwui5tosw"
  }
},
{
  "model": "cart.cart",
  "pk": 49,
  "fields": {
    "user": null,
    "created": "2023-08-17T13:47:30.783Z",
    "session_key": "50iswj5ailc5e2phqd5eiofuotopnsqd"
  }
},
{
  "model": "cart.cart",
  "pk": 50,
  "fields": {
    "user": null,
    "created": "2023-08-23T17:29:03.409Z",
    "session_key": "suvlh7ihed24uikxkwrpywrsalbl8r0s"
  }
},
{
  "model": "cart.cart",
  "pk": 52,
  "fields": {
    "user": null,
    "created": "2023-08-28T14:52:09.649Z",
    "session_key": "95f0vimbs9cqm5j8dwzq19zmie849qz9"
  }
},
{
  "model": "cart.cart",
  "pk": 53,
  "fields": {
    "user": null,
    "created": "2023-08-28T14:58:43.577Z",
    "session_key": "jmfjn566uj3gvqpw7rathl5ivp9oerv7"
  }
},
{
  "model": "cart.cart",
  "pk": 54,
  "fields": {
    "user": null,
    "created": "2023-08-28T15:01:19.655Z",
    "session_key": "10zic205rb9m2vg27uxym7a3gg4phgqm"
  }
},
{
  "model": "cart.cart",
  "pk": 55,
  "fields": {
    "user": null,
    "created": "2023-08-28T15:02:40.882Z",
    "session_key": "9s948cdepdlrilv1pwvxwu9yvj2c2ssf"
  }
},
{
  "model": "cart.cart",
  "pk": 56,
  "fields": {
    "user": null,
    "created": "2023-08-28T15:08:56.918Z",
    "session_key": "20pkunp4rqi1rids3wjkmr6dnls9b1hg"
  }
},
{
  "model": "cart.cart",
  "pk": 57,
  "fields": {
    "user": null,
    "created": "2023-08-28T16:03:08.369Z",
    "session_key": "wkezcxg3zpvxs7i11t8yeraz9slm5i8j"
  }
},
{
  "model": "cart.cart",
  "pk": 58,
  "fields": {
    "user": null,
    "created": "2023-08-28T17:34:55.750Z",
    "session_key": "d3juoyu1he8o3dxco132d9eafk6r6y8r"
  }
},
{
  "model": "cart.cart",
  "pk": 59,
  "fields": {
    "user": null,
    "created": "2023-08-28T17:36:17.159Z",
    "session_key": "5f13df1o6mmfrhv6hfq3oosbr4f3bcsn"
  }
},
{
  "model": "cart.cart",
  "pk": 60,
  "fields": {
    "user": null,
    "created": "2023-08-28T17:37:10.879Z",
    "session_key": "5quikf6go78uxtkxajngx1df0ojfcr22"
  }
},
{
  "model": "cart.cart",
  "pk": 61,
  "fields": {
    "user": null,
    "created": "2023-08-28T18:44:51.914Z",
    "session_key": "dqd64u9id8sa3dg1kgjvtk988kt1pt4x"
  }
},
{
  "model": "cart.cart",
  "pk": 62,
  "fields": {
    "user": null,
    "created": "2023-08-30T22:31:16.440Z",
    "session_key": "xnlrzxj7tbu8dhuzwereyp1iz0784dc5"
  }
},
{
  "model": "cart.cart",
  "pk": 63,
  "fields": {
    "user": null,
    "created": "2023-08-31T17:01:21.759Z",
    "session_key": "yavkzchyz5yz1ac7zud23im9js4ub385"
  }
},
{
  "model": "cart.cart",
  "pk": 64,
  "fields": {
    "user": null,
    "created": "2023-09-12T14:06:22.666Z",
    "session_key": "9uqbj4nunpe858079mv4cs3yl1d3e321"
  }
},
{
  "model": "cart.cart",
  "pk": 65,
  "fields": {
    "user": null,
    "created": "2023-09-12T14:58:39.042Z",
    "session_key": "d8ugku696lbn05xkbap3caddop1euy7y"
  }
},
{
  "model": "cart.cart",
  "pk": 66,
  "fields": {
    "user": null,
    "created": "2023-09-13T07:26:24.149Z",
    "session_key": "ivw04f32wq6wpz38agq36ifswmc2c55b"
  }
},
{
  "model": "cart.cart",
  "pk": 67,
  "fields": {
    "user": null,
    "created": "2023-09-13T07:27:25.718Z",
    "session_key": "1mr34imqsgiw0rcpgyndgel3r9nawvgq"
  }
},
{
  "model": "cart.cart",
  "pk": 68,
  "fields": {
    "user": null,
    "created": "2023-09-13T07:28:04.575Z",
    "session_key": "3x1y4vr30wulj40iauveldq3dzo2wfiw"
  }
},
{
  "model": "cart.cart",
  "pk": 69,
  "fields": {
    "user": null,
    "created": "2023-09-14T10:16:40.583Z",
    "session_key": "v3thzobayupw9u7czrvjom8jxi3d3bij"
  }
},
{
  "model": "cart.cart",
  "pk": 70,
  "fields": {
    "user": null,
    "created": "2023-09-14T11:38:53.950Z",
    "session_key": "bp8wkg75d05jmewl3cxyrx86ikhxt73u"
  }
},
{
  "model": "cart.cart",
  "pk": 71,
  "fields": {
    "user": null,
    "created": "2023-09-14T11:39:07.671Z",
    "session_key": "jn72wamb0pt2l2dlrdy8ce6xvi2he3fb"
  }
},
{
  "model": "cart.cart",
  "pk": 72,
  "fields": {
    "user": null,
    "created": "2023-09-14T11:40:21.229Z",
    "session_key": "m317sxqjexxgmniownas2b1s2ywd2cri"
  }
},
{
  "model": "cart.cart",
  "pk": 73,
  "fields": {
    "user": null,
    "created": "2023-09-14T11:40:47.696Z",
    "session_key": "tnvezpt6da5nbaro672k3eci8vmvstab"
  }
},
{
  "model": "cart.cart",
  "pk": 74,
  "fields": {
    "user": null,
    "created": "2023-09-14T11:42:04.544Z",
    "session_key": "hak3u069soz76h9sevpf0sughewne1i9"
  }
},
{
  "model": "cart.cart",
  "pk": 75,
  "fields": {
    "user": null,
    "created": "2023-09-14T11:42:30.439Z",
    "session_key": "j4uxls5f33gdi6gluuprlknn0br4fq8q"
  }
},
{
  "model": "cart.cart",
  "pk": 76,
  "fields": {
    "user": null,
    "created": "2023-09-14T11:53:05.496Z",
    "session_key": "amoz5u6glwoo9e0cp83rhov7utd3iyxd"
  }
},
{
  "model": "cart.cart",
  "pk": 77,
  "fields": {
    "user": null,
    "created": "2023-09-14T11:56:31.521Z",
    "session_key": "54blxgcgc0s7rrlll8beebb7mp8ad7z2"
  }
},
{
  "model": "cart.cart",
  "pk": 78,
  "fields": {
    "user": null,
    "created": "2023-09-14T11:56:40.800Z",
    "session_key": "4vtaez5ovwslb1f9mx1g76re0uqj81p7"
  }
},
{
  "model": "cart.cart",
  "pk": 79,
  "fields": {
    "user": null,
    "created": "2023-09-14T12:48:54.721Z",
    "session_key": "1gc11ip89rjtm8guxwjp0m2rv7hzwd2h"
  }
},
{
  "model": "cart.cart",
  "pk": 80,
  "fields": {
    "user": null,
    "created": "2023-09-14T12:49:03.857Z",
    "session_key": "bzzl1oaokrubz6moqbb8n99qrwcugdxr"
  }
},
{
  "model": "cart.cart",
  "pk": 81,
  "fields": {
    "user": null,
    "created": "2023-09-15T09:33:20.723Z",
    "session_key": "o6qs9pvcvykia93k8mt7f6tkofogzz8h"
  }
},
{
  "model": "cart.cart",
  "pk": 82,
  "fields": {
    "user": null,
    "created": "2023-09-15T09:38:42.007Z",
    "session_key": "8j9e9m8hza1jlgv784udu2qxd2gah8n9"
  }
},
{
  "model": "cart.cart",
  "pk": 83,
  "fields": {
    "user": null,
    "created": "2023-09-15T09:39:11.398Z",
    "session_key": "7jlobgj4099lp491fv7j4e7lt1dqhtw4"
  }
},
{
  "model": "cart.cart",
  "pk": 84,
  "fields": {
    "user": null,
    "created": "2023-09-15T09:40:22.659Z",
    "session_key": "8gn85m18kp1s1t0mpy7rrfsskzmrjmvv"
  }
},
{
  "model": "cart.cart",
  "pk": 85,
  "fields": {
    "user": null,
    "created": "2023-09-15T09:44:26.809Z",
    "session_key": "48hvjb0eoallmv6x80l1g3dc59ruan4z"
  }
},
{
  "model": "cart.cart",
  "pk": 86,
  "fields": {
    "user": null,
    "created": "2023-09-15T09:46:48.862Z",
    "session_key": "1woxriysmxyjjeq7czop6el4itvucvj8"
  }
},
{
  "model": "cart.cart",
  "pk": 87,
  "fields": {
    "user": null,
    "created": "2023-09-15T09:49:12.909Z",
    "session_key": "uxbcfmixxtsp7l2j2rinzv9du8l5woit"
  }
},
{
  "model": "cart.cart",
  "pk": 88,
  "fields": {
    "user": null,
    "created": "2023-09-15T09:49:21.229Z",
    "session_key": "bgatekkaq3p390g8r453qtyy0ttkz33p"
  }
},
{
  "model": "cart.cart",
  "pk": 89,
  "fields": {
    "user": null,
    "created": "2023-09-15T09:57:13.936Z",
    "session_key": "ki8er2agu2nsp9j2e2ywgv2sw1orciwt"
  }
},
{
  "model": "cart.cart",
  "pk": 90,
  "fields": {
    "user": null,
    "created": "2023-09-15T09:57:26.856Z",
    "session_key": "lrbkjyo3k0xyyts2q69qh15f1j1ce993"
  }
},
{
  "model": "cart.cart",
  "pk": 91,
  "fields": {
    "user": null,
    "created": "2023-09-15T10:27:34.752Z",
    "session_key": "w1qwa3t6a1kr18hwc196d6nwaveph9ps"
  }
},
{
  "model": "cart.cart",
  "pk": 92,
  "fields": {
    "user": null,
    "created": "2023-09-15T10:36:30.759Z",
    "session_key": "gbgl94f8v3h05c13kopah924ms1ecfbu"
  }
},
{
  "model": "cart.cart",
  "pk": 93,
  "fields": {
    "user": null,
    "created": "2023-09-15T10:36:43.476Z",
    "session_key": "2cjwzadagf0ptf0qlatvdy14d7seokku"
  }
},
{
  "model": "cart.cart",
  "pk": 94,
  "fields": {
    "user": null,
    "created": "2023-09-15T10:40:16.489Z",
    "session_key": "7sdqiw27qcepninxs7i8fe7d36zxcupe"
  }
},
{
  "model": "cart.cart",
  "pk": 95,
  "fields": {
    "user": null,
    "created": "2023-09-15T10:40:26.225Z",
    "session_key": "qiuwldxxzq1lemus55vbvh6tvr6qpcwk"
  }
},
{
  "model": "cart.cart",
  "pk": 96,
  "fields": {
    "user": null,
    "created": "2023-09-15T10:42:34.779Z",
    "session_key": "p3kaib73xa2zsy57b1m1o48uh52cmcgy"
  }
},
{
  "model": "cart.cart",
  "pk": 98,
  "fields": {
    "user": null,
    "created": "2023-09-15T14:32:27.150Z",
    "session_key": "ct2n0y11pelxtwn79aedhp416lz3t89f"
  }
},
{
  "model": "cart.cart",
  "pk": 99,
  "fields": {
    "user": null,
    "created": "2023-09-15T14:36:25.420Z",
    "session_key": "3jfok5kzinpec6jcz532mzdow83masu5"
  }
},
{
  "model": "cart.cart",
  "pk": 100,
  "fields": {
    "user": null,
    "created": "2023-09-15T14:40:34.888Z",
    "session_key": "wdfl710co9k3u70gycme2j4qryck2jaj"
  }
},
{
  "model": "cart.cart",
  "pk": 101,
  "fields": {
    "user": null,
    "created": "2023-09-15T14:40:51.608Z",
    "session_key": "a2f7f5xpke3edts95gz3zdox8o4yj4jv"
  }
},
{
  "model": "cart.cart",
  "pk": 102,
  "fields": {
    "user": null,
    "created": "2023-09-15T14:43:00.501Z",
    "session_key": "mfsqueijnx7tm3js4puwbh1smt57lvsj"
  }
},
{
  "model": "cart.cart",
  "pk": 103,
  "fields": {
    "user": null,
    "created": "2023-09-15T14:43:25.828Z",
    "session_key": "2c0zrvjs58uy5xfuh3rhj8er29bpmjqg"
  }
},
{
  "model": "cart.cart",
  "pk": 104,
  "fields": {
    "user": null,
    "created": "2023-09-15T14:44:52.133Z",
    "session_key": "qevi1o2vloneukexseygwq2aaf14nvuz"
  }
},
{
  "model": "cart.cart",
  "pk": 105,
  "fields": {
    "user": null,
    "created": "2023-09-15T14:45:31.375Z",
    "session_key": "qtr34unc7be8cae12pfeyi4vfhgyuqwp"
  }
},
{
  "model": "cart.cart",
  "pk": 106,
  "fields": {
    "user": null,
    "created": "2023-09-15T14:46:36.939Z",
    "session_key": "pvq7ge7pfc1a7fzb9bvb7lhfdiw3mxrn"
  }
},
{
  "model": "cart.cart",
  "pk": 107,
  "fields": {
    "user": null,
    "created": "2023-09-15T14:49:22.363Z",
    "session_key": "uzffk1e0zf4y8jjpxcklolenc11iea28"
  }
},
{
  "model": "cart.cart",
  "pk": 108,
  "fields": {
    "user": null,
    "created": "2023-09-15T14:49:29.670Z",
    "session_key": "1aa1978evq4x1bdi5ujnphdv9wo3l9bg"
  }
},
{
  "model": "cart.cart",
  "pk": 109,
  "fields": {
    "user": null,
    "created": "2023-09-15T14:49:51.071Z",
    "session_key": "8bbxbabf3bjh1k00ivjur7ewpxi7ymmt"
  }
},
{
  "model": "cart.cart",
  "pk": 110,
  "fields": {
    "user": null,
    "created": "2023-09-15T14:50:14.495Z",
    "session_key": "iy4o369ok3lbrvlesx4tzc70m44ggapp"
  }
},
{
  "model": "cart.cart",
  "pk": 111,
  "fields": {
    "user": null,
    "created": "2023-09-15T14:51:49.785Z",
    "session_key": "numzp8zto7zvddz3rfn4ngnngo3kjwf1"
  }
},
{
  "model": "cart.cart",
  "pk": 112,
  "fields": {
    "user": null,
    "created": "2023-09-15T14:52:03.864Z",
    "session_key": "l3048dl4tilw3fslvyjxms105uknzqug"
  }
},
{
  "model": "cart.cart",
  "pk": 113,
  "fields": {
    "user": null,
    "created": "2023-09-15T14:55:53.370Z",
    "session_key": "n5blbu3pkm9ovj76np1eo4w1de6lgrw2"
  }
},
{
  "model": "cart.cart",
  "pk": 114,
  "fields": {
    "user": 9,
    "created": "2023-09-15T17:18:48.002Z",
    "session_key": "bcm7d56ck20nxp2lg2duje6x470t1hje"
  }
},
{
  "model": "cart.cart",
  "pk": 115,
  "fields": {
    "user": null,
    "created": "2023-09-15T17:31:40.630Z",
    "session_key": "t8z022qgb10bh2j3scgtk06alwf8jopz"
  }
},
{
  "model": "cart.cart",
  "pk": 116,
  "fields": {
    "user": null,
    "created": "2023-09-15T18:02:34.103Z",
    "session_key": "x4jshqygazgl4o04msdtoqm5nxe5k9w9"
  }
},
{
  "model": "cart.cart",
  "pk": 117,
  "fields": {
    "user": null,
    "created": "2023-09-15T18:03:49.065Z",
    "session_key": "yfb62dy5yp9fqrv9cf3muyyrbj4k9x9x"
  }
},
{
  "model": "cart.cartitem",
  "pk": 59,
  "fields": {
    "cart": 45,
    "product": 3,
    "count": 1,
    "created": "2023-08-11T20:17:27.689Z"
  }
},
{
  "model": "cart.cartitem",
  "pk": 60,
  "fields": {
    "cart": 47,
    "product": 2,
    "count": 1,
    "created": "2023-08-12T14:39:39.346Z"
  }
},
{
  "model": "cart.cartitem",
  "pk": 64,
  "fields": {
    "cart": 49,
    "product": 3,
    "count": 1,
    "created": "2023-08-17T13:47:40.114Z"
  }
},
{
  "model": "cart.cartitem",
  "pk": 67,
  "fields": {
    "cart": 52,
    "product": 4,
    "count": 6,
    "created": "2023-08-28T14:52:42.783Z"
  }
},
{
  "model": "cart.cartitem",
  "pk": 70,
  "fields": {
    "cart": 57,
    "product": 3,
    "count": 1,
    "created": "2023-08-28T16:03:12.182Z"
  }
},
{
  "model": "cart.cartitem",
  "pk": 82,
  "fields": {
    "cart": 66,
    "product": 2,
    "count": 1,
    "created": "2023-09-13T07:26:40.973Z"
  }
},
{
  "model": "cart.cartitem",
  "pk": 83,
  "fields": {
    "cart": 66,
    "product": 3,
    "count": 1,
    "created": "2023-09-13T07:26:48.006Z"
  }
},
{
  "model": "cart.cartitem",
  "pk": 86,
  "fields": {
    "cart": 67,
    "product": 5,
    "count": 2,
    "created": "2023-09-13T07:27:41.468Z"
  }
},
{
  "model": "cart.cartitem",
  "pk": 88,
  "fields": {
    "cart": 70,
    "product": 3,
    "count": 1,
    "created": "2023-09-14T11:39:03.366Z"
  }
},
{
  "model": "cart.cartitem",
  "pk": 90,
  "fields": {
    "cart": 72,
    "product": 3,
    "count": 1,
    "created": "2023-09-14T11:40:26.901Z"
  }
},
{
  "model": "cart.cartitem",
  "pk": 92,
  "fields": {
    "cart": 73,
    "product": 3,
    "count": 1,
    "created": "2023-09-14T11:40:53.858Z"
  }
},
{
  "model": "cart.cartitem",
  "pk": 94,
  "fields": {
    "cart": 74,
    "product": 2,
    "count": 1,
    "created": "2023-09-14T11:42:22.477Z"
  }
},
{
  "model": "cart.cartitem",
  "pk": 96,
  "fields": {
    "cart": 77,
    "product": 1,
    "count": 1,
    "created": "2023-09-14T11:56:36.638Z"
  }
},
{
  "model": "cart.cartitem",
  "pk": 100,
  "fields": {
    "cart": 79,
    "product": 5,
    "count": 1,
    "created": "2023-09-14T12:49:00.676Z"
  }
},
{
  "model": "cart.cartitem",
  "pk": 104,
  "fields": {
    "cart": 81,
    "product": 3,
    "count": 1,
    "created": "2023-09-15T09:33:42.555Z"
  }
},
{
  "model": "cart.cartitem",
  "pk": 105,
  "fields": {
    "cart": 82,
    "product": 3,
    "count": 1,
    "created": "2023-09-15T09:39:08.219Z"
  }
},
{
  "model": "cart.cartitem",
  "pk": 106,
  "fields": {
    "cart": 84,
    "product": 3,
    "count": 1,
    "created": "2023-09-15T09:40:26.263Z"
  }
},
{
  "model": "cart.cartitem",
  "pk": 107,
  "fields": {
    "cart": 85,
    "product": 2,
    "count": 1,
    "created": "2023-09-15T09:44:35.040Z"
  }
},
{
  "model": "cart.cartitem",
  "pk": 108,
  "fields": {
    "cart": 87,
    "product": 1,
    "count": 1,
    "created": "2023-09-15T09:49:17.312Z"
  }
},
{
  "model": "cart.cartitem",
  "pk": 109,
  "fields": {
    "cart": 89,
    "product": 3,
    "count": 4,
    "created": "2023-09-15T09:57:21.377Z"
  }
},
{
  "model": "cart.cartitem",
  "pk": 110,
  "fields": {
    "cart": 41,
    "product": 3,
    "count": 1,
    "created": "2023-09-15T10:00:42.502Z"
  }
},
{
  "model": "cart.cartitem",
  "pk": 111,
  "fields": {
    "cart": 92,
    "product": 5,
    "count": 1,
    "created": "2023-09-15T10:36:37.671Z"
  }
},
{
  "model": "cart.cartitem",
  "pk": 112,
  "fields": {
    "cart": 94,
    "product": 2,
    "count": 1,
    "created": "2023-09-15T10:40:22.125Z"
  }
},
{
  "model": "cart.cartitem",
  "pk": 113,
  "fields": {
    "cart": 95,
    "product": 3,
    "count": 1,
    "created": "2023-09-15T10:42:31.616Z"
  }
},
{
  "model": "cart.cartitem",
  "pk": 117,
  "fields": {
    "cart": 98,
    "product": 2,
    "count": 1,
    "created": "2023-09-15T14:32:35.782Z"
  }
},
{
  "model": "cart.cartitem",
  "pk": 119,
  "fields": {
    "cart": 99,
    "product": 4,
    "count": 1,
    "created": "2023-09-15T14:36:37.759Z"
  }
},
{
  "model": "cart.cartitem",
  "pk": 121,
  "fields": {
    "cart": 100,
    "product": 3,
    "count": 1,
    "created": "2023-09-15T14:40:48.028Z"
  }
},
{
  "model": "cart.cartitem",
  "pk": 122,
  "fields": {
    "cart": 102,
    "product": 2,
    "count": 1,
    "created": "2023-09-15T14:43:04.577Z"
  }
},
{
  "model": "cart.cartitem",
  "pk": 123,
  "fields": {
    "cart": 103,
    "product": 3,
    "count": 1,
    "created": "2023-09-15T14:44:43.975Z"
  }
},
{
  "model": "cart.cartitem",
  "pk": 124,
  "fields": {
    "cart": 104,
    "product": 5,
    "count": 1,
    "created": "2023-09-15T14:45:17.688Z"
  }
},
{
  "model": "cart.cartitem",
  "pk": 125,
  "fields": {
    "cart": 105,
    "product": 2,
    "count": 1,
    "created": "2023-09-15T14:46:14.588Z"
  }
},
{
  "model": "cart.cartitem",
  "pk": 127,
  "fields": {
    "cart": 107,
    "product": 3,
    "count": 1,
    "created": "2023-09-15T14:49:26.792Z"
  }
},
{
  "model": "cart.cartitem",
  "pk": 128,
  "fields": {
    "cart": 109,
    "product": 3,
    "count": 1,
    "created": "2023-09-15T14:49:55.994Z"
  }
},
{
  "model": "cart.cartitem",
  "pk": 130,
  "fields": {
    "cart": 111,
    "product": 5,
    "count": 1,
    "created": "2023-09-15T14:51:56.099Z"
  }
},
{
  "model": "cart.cartitem",
  "pk": 131,
  "fields": {
    "cart": 113,
    "product": 3,
    "count": 1,
    "created": "2023-09-15T14:55:58.589Z"
  }
},
{
  "model": "cart.cartitem",
  "pk": 132,
  "fields": {
    "cart": 113,
    "product": 5,
    "count": 1,
    "created": "2023-09-15T14:56:04.081Z"
  }
},
{
  "model": "api_order.order",
  "pk": 213,
  "fields": {
    "user": 9,
    "session_key": null,
    "createdAt": "2023-09-15T17:25:15.852Z",
    "updated": "2023-09-15T17:26:07.008Z",
    "fullName": "Алексей Кузнецов",
    "email": "aleksey@test.ru",
    "phone": "+79991234567",
    "deliveryType": "express",
    "paymentType": null,
    "status": "accepted",
    "city": "Москва",
    "address": "Московская, 2, 23",
    "paid": true,
    "total_order_cost": "1799.00"
  }
},
{
  "model": "api_order.order",
  "pk": 214,
  "fields": {
    "user": 9,
    "session_key": null,
    "createdAt": "2023-09-15T17:27:06.565Z",
    "updated": "2023-09-15T17:27:46.209Z",
    "fullName": "Алексей Кузнецов",
    "email": "aleksey@test.ru",
    "phone": "+79991234567",
    "deliveryType": null,
    "paymentType": null,
    "status": "accepted",
    "city": "Москва",
    "address": "Московская, 2, 23",
    "paid": true,
    "total_order_cost": "589.00"
  }
},
{
  "model": "api_order.orderitem",
  "pk": 266,
  "fields": {
    "order": 213,
    "product": 5,
    "price": "1299.00",
    "count": 1
  }
},
{
  "model": "api_order.orderitem",
  "pk": 267,
  "fields": {
    "order": 214,
    "product": 4,
    "price": "389.00",
    "count": 1
  }
}
]
